"","X.1","X","Species","GrowthForm_CTD","LHS_CTD","Abund_CTD","IUCNstatus","SuscBleach_IUCN","MeanPCcover","Range","ReefArea_Range","major_clade","family_molecules","family_morphology","larval","sexual","nominal.species"
"1",1,1,"Acanthastrea echinata","massive","stress-tolerant","common","LC",0,0.065,66201280,241312,"Robust","Lobophyllidae","Mussidae","spawner","hermaphrodite",NA
"2",2,2,"Acropora abrolhosensis","branching_open",NA,"rare","VU",1,0.108,28781078,172690,"Complex","Acroporidae","Acroporidae","spawner","hermaphrodite",NA
"3",3,3,"Acropora abrotanoides","branching_open",NA,"uncommon","LC",0,0.145,68866820,234616,"Complex","Acroporidae","Acroporidae","spawner","hermaphrodite",NA
"4",4,4,"Acropora aculeus","corymbose",NA,"uncommon","VU",1,0.058,52250659,207015,"Complex","Acroporidae","Acroporidae","spawner","hermaphrodite",NA
"5",5,5,"Acropora acuminata","branching_open",NA,"uncommon","VU",1,1.189,44734602,212939,"Complex","Acroporidae","Acroporidae",NA,NA,NA
"6",6,6,"Acropora anthocercis","tables_or_plates",NA,"uncommon","VU",1,0.38,52233252,216222,"Complex","Acroporidae","Acroporidae","spawner","hermaphrodite",NA
"7",7,7,"Acropora aspera","branching_open","competitive","uncommon","VU",1,0.342,43897158,194457,"Complex","Acroporidae","Acroporidae","spawner","hermaphrodite",NA
"8",8,8,"Acropora austera","branching_open",NA,"common","NT",1,0.258,63714823,234077,"Complex","Acroporidae","Acroporidae",NA,NA,NA
"9",9,9,"Acropora awi","hispidose",NA,"uncommon","VU",1,0.05,8750797,95608,"Complex","Acroporidae","Acroporidae",NA,NA,NA
"10",10,10,"Acropora carduus","hispidose",NA,"common","NT",1,0.165,41615207,181180,"Complex","Acroporidae","Acroporidae","spawner",NA,NA
"11",11,11,"Acropora caroliniana","tables_or_plates",NA,"uncommon","VU",1,0.059,30227682,167504,"Complex","Acroporidae","Acroporidae",NA,NA,NA
"12",12,12,"Acropora cerealis","corymbose","competitive","common","LC",1,0.188,67291204,230455,"Complex","Acroporidae","Acroporidae","spawner","hermaphrodite",NA
"13",13,13,"Acropora clathrata","tables_or_plates",NA,"common","LC",1,0.234,64156802,237106,"Complex","Acroporidae","Acroporidae","spawner","hermaphrodite",NA
"14",14,14,"Acropora cytherea","tables_or_plates","competitive","common","LC",1,0.921,85639274,238455,"Complex","Acroporidae","Acroporidae",NA,NA,NA
"15",15,15,"Acropora desalwii","corymbose",NA,"common","VU",1,0.073,6820770,88805,"Complex","Acroporidae","Acroporidae",NA,NA,NA
"16",16,16,"Acropora digitifera","digitate",NA,"uncommon","NT",1,0.552,61926579,235048,"Complex","Acroporidae","Acroporidae","spawner","hermaphrodite",NA
"17",17,17,"Acropora divaricata","tables_or_plates","competitive","common","NT",1,0.175,54676058,207244,"Complex","Acroporidae","Acroporidae","spawner","hermaphrodite",NA
"18",18,18,"Acropora donei","branching_open",NA,"uncommon","VU",1,0.231,36434302,183994,"Complex","Acroporidae","Acroporidae","spawner","hermaphrodite",NA
"19",19,19,"Acropora echinata","hispidose",NA,"uncommon","VU",1,0.137,43859552,186715,"Complex","Acroporidae","Acroporidae","spawner","hermaphrodite",NA
"20",20,20,"Acropora elseyi","hispidose","competitive","common","LC",1,0.602,59213949,201652,"Complex","Acroporidae","Acroporidae","spawner","hermaphrodite",NA
"21",21,21,"Acropora fastigata","branching_closed",NA,"rare","DD",NA,0.093,6485575,103898,"Complex","Acroporidae","Acroporidae",NA,NA,NA
"22",22,22,"Acropora florida","branching_open","competitive","common","NT",1,0.354,54016640,206863,"Complex","Acroporidae","Acroporidae","spawner","hermaphrodite",NA
"23",23,23,"Acropora muricata",NA,NA,NA,NA,NA,1.495,75243817,235930,NA,NA,"Acroporidae",NA,NA,"Acropora muricata"
"24",24,24,"Acropora gemmifera","digitate","competitive","common","LC",1,0.329,64927893,235446,"Complex","Acroporidae","Acroporidae","spawner","hermaphrodite",NA
"25",25,25,"Acropora glauca","tables_or_plates","competitive","rare","NT",1,0.123,51870887,167754,"Complex","Acroporidae","Acroporidae","spawner","hermaphrodite",NA
"26",26,26,"Acropora globiceps","digitate",NA,"common","VU",1,0.264,33172090,131898,"Complex","Acroporidae","Acroporidae",NA,"hermaphrodite",NA
"27",27,27,"Acropora gomezi","branching_open",NA,"uncommon","DD",NA,0.323,5187612,69591,"Complex","Acroporidae","Acroporidae",NA,NA,NA
"28",28,28,"Acropora grandis","branching_open","competitive","common","LC",1,0.71,54541622,223434,"Complex","Acroporidae","Acroporidae","spawner","hermaphrodite",NA
"29",29,29,"Acropora granulosa","tables_or_plates","competitive","common","NT",1,0.085,59858906,201522,"Complex","Acroporidae","Acroporidae","spawner","hermaphrodite",NA
"30",30,30,"Acropora hoeksemai","branching_open",NA,"common","VU",1,0.46,5304729,70086,"Complex","Acroporidae","Acroporidae",NA,NA,NA
"31",31,31,"Acropora horrida","branching_closed","competitive","uncommon","VU",1,0.35,65331074,237043,"Complex","Acroporidae","Acroporidae","spawner","hermaphrodite",NA
"32",32,32,"Acropora humilis","digitate","competitive","common","NT",1,0.112,77373648,236957,"Complex","Acroporidae","Acroporidae","spawner","hermaphrodite",NA
"33",33,33,"Acropora hyacinthus","tables_or_plates","competitive","common","NT",1,0.989,94163310,225544,"Complex","Acroporidae","Acroporidae","spawner","hermaphrodite",NA
"34",34,34,"Acropora insignis","branching_closed",NA,"uncommon","DD",NA,0.318,29747713,137056,"Complex","Acroporidae","Acroporidae",NA,NA,NA
"35",35,35,"Acropora intermedia","branching_open","competitive","common","LC",1,1.014,61823609,234438,"Complex","Acroporidae","Acroporidae","spawner","hermaphrodite",NA
"36",36,36,"Acropora kimbeensis","branching_closed",NA,"uncommon","VU",1,0.206,9454066,129998,"Complex","Acroporidae","Acroporidae",NA,NA,NA
"37",37,37,"Acropora latistella","corymbose",NA,"common","LC",1,0.193,78328750,236156,"Complex","Acroporidae","Acroporidae","spawner","hermaphrodite",NA
"38",38,38,"Acropora listeri","branching_closed",NA,"uncommon","VU",1,0.036,52117510,220974,"Complex","Acroporidae","Acroporidae","spawner","hermaphrodite",NA
"39",39,39,"Acropora longicyathus","hispidose","competitive","common","LC",1,0.475,59392442,212034,"Complex","Acroporidae","Acroporidae","spawner","hermaphrodite",NA
"40",40,40,"Acropora loripes","corymbose","competitive","common","NT",1,0.077,59355528,203101,"Complex","Acroporidae","Acroporidae","spawner","hermaphrodite",NA
"41",41,41,"Acropora lutkeni","branching_open","competitive","uncommon","NT",1,0.12,41709218,188468,"Complex","Acroporidae","Acroporidae","spawner","hermaphrodite",NA
"42",42,42,"Acropora microclados","corymbose","competitive","uncommon","VU",1,0.125,35292635,199104,"Complex","Acroporidae","Acroporidae","spawner","hermaphrodite",NA
"43",43,43,"Acropora microphthalma","branching_open","competitive","common","LC",1,0.49,75839181,233032,"Complex","Acroporidae","Acroporidae","spawner","hermaphrodite",NA
"44",44,44,"Acropora millepora","corymbose","competitive","common","NT",1,0.21,47574287,202413,"Complex","Acroporidae","Acroporidae","spawner","hermaphrodite",NA
"45",45,45,"Acropora monticulosa","digitate",NA,"uncommon","NT",1,0.291,52428663,207507,"Complex","Acroporidae","Acroporidae","spawner","hermaphrodite",NA
"46",46,46,"Acropora nana","branching_closed",NA,"uncommon","NT",1,0.358,51031596,190737,"Complex","Acroporidae","Acroporidae","spawner","hermaphrodite",NA
"47",47,47,"Acropora nasuta","corymbose",NA,"common","NT",1,0.225,68015810,241157,"Complex","Acroporidae","Acroporidae","spawner","hermaphrodite",NA
"48",48,48,"Acropora palmerae","encrusting",NA,"uncommon","VU",1,0.477,38646918,194910,"Complex","Acroporidae","Acroporidae","spawner","hermaphrodite",NA
"49",49,49,"Acropora paniculata","tables_or_plates",NA,"uncommon","VU",1,0.208,51278155,176835,"Complex","Acroporidae","Acroporidae",NA,NA,NA
"50",50,50,"Acropora papillare","branching_open",NA,"uncommon","VU",1,0.122,8196998,85887,"Complex","Acroporidae","Acroporidae",NA,NA,NA
"51",51,51,"Acropora plumosa","tables_or_plates",NA,"uncommon","VU",1,0.102,6676481,87501,"Complex","Acroporidae","Acroporidae",NA,NA,NA
"52",52,52,"Acropora polystoma","corymbose","competitive","uncommon","VU",1,0.065,45586022,208524,"Complex","Acroporidae","Acroporidae","spawner","hermaphrodite",NA
"53",53,53,"Acropora pulchra","branching_open","competitive","uncommon","LC",1,0.294,65059343,215209,"Complex","Acroporidae","Acroporidae","spawner","hermaphrodite",NA
"54",54,54,"Acropora retusa","digitate",NA,"uncommon","VU",1,0.433,35198525,140741,"Complex","Acroporidae","Acroporidae","spawner","hermaphrodite",NA
"55",55,55,"Acropora robusta","branching_open","competitive","common","LC",1,0.343,72559082,235149,"Complex","Acroporidae","Acroporidae","spawner","hermaphrodite",NA
"56",56,56,"Acropora samoensis","digitate","competitive","common","LC",1,0.082,64870968,235425,"Complex","Acroporidae","Acroporidae","spawner","hermaphrodite",NA
"57",57,57,"Acropora sarmentosa","corymbose","competitive","common","LC",1,0.066,40638778,189782,"Complex","Acroporidae","Acroporidae","spawner","hermaphrodite",NA
"58",58,58,"Acropora secale","branching_closed","competitive","common","NT",1,0.208,63620467,222626,"Complex","Acroporidae","Acroporidae","spawner","hermaphrodite",NA
"59",59,59,"Acropora selago","corymbose",NA,"uncommon","NT",1,0.123,57912057,220450,"Complex","Acroporidae","Acroporidae","spawner","hermaphrodite",NA
"60",60,60,"Acropora solitaryensis","tables_or_plates","competitive","rare","VU",1,0.26,35340947,183612,"Complex","Acroporidae","Acroporidae","spawner","hermaphrodite",NA
"61",62,62,"Acropora speciosa","corymbose",NA,"uncommon","VU",1,0.097,32064832,132262,"Complex","Acroporidae","Acroporidae",NA,NA,NA
"62",63,63,"Acropora spicifera","tables_or_plates",NA,"uncommon","VU",1,0.227,31530738,155229,"Complex","Acroporidae","Acroporidae","spawner","hermaphrodite",NA
"63",64,64,"Acropora striata","branching_closed",NA,"rare","VU",1,0.184,25344371,119908,"Complex","Acroporidae","Acroporidae","spawner","hermaphrodite",NA
"64",65,65,"Acropora subglabra","hispidose",NA,"uncommon","LC",1,0.306,36383381,189616,"Complex","Acroporidae","Acroporidae",NA,"hermaphrodite",NA
"65",66,66,"Acropora subulata","tables_or_plates","competitive","common","LC",1,0.283,53940059,220366,"Complex","Acroporidae","Acroporidae","spawner","hermaphrodite",NA
"66",67,67,"Acropora suharsonoi","corymbose",NA,"uncommon","EN",1,0.04,567434,9046,"Complex","Acroporidae","Acroporidae",NA,NA,NA
"67",68,68,"Acropora tenuis","corymbose","competitive","uncommon","NT",1,0.219,65335974,239811,"Complex","Acroporidae","Acroporidae","spawner","hermaphrodite",NA
"68",69,69,"Acropora tortuosa","branching_closed",NA,"uncommon","LC",1,0.117,23381383,101322,"Complex","Acroporidae","Acroporidae","spawner","hermaphrodite",NA
"69",70,70,"Acropora valenciennesi","branching_open","competitive","common","LC",1,0.542,60816206,232515,"Complex","Acroporidae","Acroporidae","spawner","hermaphrodite",NA
"70",71,71,"Acropora valida","corymbose","competitive","common","LC",1,0.548,95367652,245545,"Complex","Acroporidae","Acroporidae","spawner","hermaphrodite",NA
"71",72,72,"Acropora verweyi","corymbose","competitive","common","VU",1,0.054,52762515,206250,"Complex","Acroporidae","Acroporidae",NA,NA,NA
"72",73,73,"Acropora yongei","branching_closed","competitive","common","LC",1,0.324,41920954,187258,"Complex","Acroporidae","Acroporidae","spawner","hermaphrodite",NA
"73",74,74,"Alveopora allingi","columnar",NA,"uncommon","VU",1,0.01,55897220,226664,"Complex","Acroporidae","Poritidae",NA,NA,NA
"74",75,75,"Alveopora gigas","columnar",NA,"uncommon","VU",1,0.083,4580064,63022,"Complex","Acroporidae","Poritidae","spawner","hermaphrodite",NA
"75",76,76,"Alveopora marionensis","submassive",NA,"rare","VU",1,0.01,25531391,164312,"Complex","Acroporidae","Poritidae",NA,NA,NA
"76",77,77,"Alveopora spongiosa","columnar",NA,"uncommon","NT",1,0.016,67077726,235335,"Complex","Acroporidae","Poritidae",NA,NA,NA
"77",78,78,"Anacropora forbesi","branching_closed",NA,"uncommon","LC",1,0.307,50771041,191909,"Complex","Acroporidae","Acroporidae",NA,NA,NA
"78",79,79,"Anacropora matthai","branching_closed",NA,"rare","VU",1,0.068,8850646,124834,"Complex","Acroporidae","Acroporidae",NA,NA,NA
"79",80,80,"Anacropora puertogalerae","branching_closed",NA,"uncommon","VU",1,0.023,29839437,163179,"Complex","Acroporidae","Acroporidae","spawner","hermaphrodite",NA
"80",81,81,"Astreopora cucullata","massive",NA,"rare","VU",1,0.054,38349581,188051,"Complex","Acroporidae","Acroporidae",NA,NA,NA
"81",82,82,"Astreopora gracilis","massive",NA,"uncommon","LC",1,0.058,41296181,201952,"Complex","Acroporidae","Acroporidae","spawner","hermaphrodite",NA
"82",83,83,"Astreopora listeri","massive",NA,"common","LC",1,0.047,54005058,213571,"Complex","Acroporidae","Acroporidae","spawner","hermaphrodite",NA
"83",84,84,"Astreopora moretonensis","laminar",NA,"rare","VU",1,0.03,9494459,73486,"Complex","Acroporidae","Acroporidae",NA,NA,NA
"84",85,85,"Astreopora myriophthalma","massive","stress-tolerant","common","LC",1,0.122,72319039,240635,"Complex","Acroporidae","Acroporidae","spawner","hermaphrodite",NA
"85",86,86,"Astreopora ocellata","massive",NA,"rare","LC",0,0.079,44392804,193925,"Complex","Acroporidae","Acroporidae",NA,NA,NA
"86",87,87,"Caulastraea curvata",NA,NA,NA,NA,NA,0.01,27889891,169401,NA,NA,"Faviidae",NA,NA,"Caulastraea curvata"
"87",88,88,"Caulastraea tumida",NA,NA,NA,NA,NA,0.01,31832835,182154,NA,NA,"Faviidae",NA,NA,"Caulastraea tumida"
"88",89,89,"Coeloseris mayeri","massive",NA,"common","LC",0,0.348,50036509,208830,"Complex","Agariciidae","Agariciidae",NA,NA,NA
"89",90,90,"Coscinaraea columna","massive",NA,"common","LC",0,0.107,73997921,243523,"Robust","Coscinaraeidae","Siderastreidae","spawner","gonochore",NA
"90",91,91,"Coscinaraea crassa","encrusting",NA,"rare","NT",0,0.08,29748771,153896,"Robust","Coscinaraeidae","Siderastreidae",NA,NA,NA
"91",92,92,"Coscinaraea exesa","columnar",NA,"common","LC",0,0.159,39566203,190246,"Robust","Coscinaraeidae","Siderastreidae",NA,NA,NA
"92",93,93,"Coscinaraea monile","massive",NA,"common","LC",0,0.05,33656770,130299,"Robust","Coscinaraeidae","Siderastreidae",NA,NA,NA
"93",94,94,"Ctenactis crassa","massive",NA,"common","LC",0,0.018,40883310,216507,"Robust","Fungiidae","Fungiidae","spawner","gonochore",NA
"94",95,95,"Ctenactis echinata","massive",NA,"common","LC",0,0.057,47700974,219215,"Robust","Fungiidae","Fungiidae","spawner","gonochore",NA
"95",96,96,"Cycloseris curvata","massive",NA,"rare","VU",0,0.013,58477188,201764,"Robust","Fungiidae","Fungiidae",NA,NA,NA
"96",97,97,"Cycloseris explanulata","laminar",NA,"common",NA,NA,0.007,61805745,214628,"Robust","Fungiidae","Siderastreidae",NA,NA,NA
"97",98,98,"Coscinaraea wellsi","laminar",NA,"uncommon",NA,NA,0.017,66523176,213685,"Robust","Fungiidae","Siderastreidae",NA,NA,"Coscinaraea wellsi"
"98",99,99,"Cyphastrea agassizi","massive",NA,"uncommon","VU",0,0.015,53027593,177588,"Robust","Merulinidae","Faviidae",NA,NA,NA
"99",100,100,"Cyphastrea chalcidicum","massive","stress-tolerant","common","LC",0,0.058,66681755,234776,"Robust","Merulinidae","Faviidae","spawner","hermaphrodite",NA
"100",101,101,"Cyphastrea japonica","submassive",NA,"uncommon","LC",0,0.03,10540989,81378,"Robust","Merulinidae","Faviidae",NA,NA,NA
"101",102,102,"Cyphastrea microphthalma","massive","stress-tolerant","common","LC",0,0.071,74132790,242521,"Robust","Merulinidae","Faviidae","spawner","hermaphrodite",NA
"102",103,103,"Cyphastrea serailia","massive","stress-tolerant","common","LC",1,0.14,73631964,243460,"Robust","Merulinidae","Faviidae","spawner","hermaphrodite",NA
"103",104,104,"Danafungia scruposa","massive",NA,"common","LC",1,0.01,26137110,158498,"Robust","Fungiidae","Fungiidae","spawner","gonochore",NA
"104",105,105,"Diploastrea heliopora","massive","stress-tolerant","uncommon","NT",0,0.248,55983207,226503,"Robust","Diploastraeidae","Faviidae","spawner","gonochore",NA
"105",106,106,"Echinophyllia aspera","laminar",NA,"common","LC",0,0.051,71507840,242762,"Robust","Lobophyllidae","Pectiniidae","spawner","hermaphrodite",NA
"106",107,107,"Echinophyllia echinata","laminar",NA,"uncommon","LC",0,0.055,66874958,235717,"Robust","Lobophyllidae","Pectiniidae",NA,NA,NA
"107",108,108,"Echinophyllia echinoporoides","encrusting",NA,"common","LC",0,0.059,11552099,129870,"Robust","Lobophyllidae","Pectiniidae",NA,NA,NA
"108",109,109,"Echinopora gemmacea","laminar","generalist","common","LC",0,0.218,66172944,240150,"Robust","Merulinidae","Faviidae","spawner","hermaphrodite",NA
"109",110,110,"Echinopora hirsutissima","submassive",NA,"uncommon","LC",0,0.083,49688810,209712,"Robust","Merulinidae","Faviidae",NA,NA,NA
"110",111,111,"Echinopora horrida","encrusting_long_uprights",NA,"uncommon","NT",0,0.11,30274756,175980,"Robust","Merulinidae","Faviidae","spawner","hermaphrodite",NA
"111",112,112,"Echinopora lamellosa","laminar",NA,"common","LC",0,0.515,73345463,241121,"Robust","Merulinidae","Faviidae","spawner","hermaphrodite",NA
"112",113,113,"Echinopora mammiformis","encrusting_long_uprights",NA,"common","NT",0,0.362,40116099,175341,"Robust","Merulinidae","Faviidae",NA,NA,NA
"113",114,114,"Echinopora pacificus","laminar",NA,"common","NT",0,0.113,27404947,159858,"Robust","Merulinidae","Faviidae","spawner","hermaphrodite",NA
"114",115,115,"Euphyllia cristata","massive",NA,"common","VU",0,0.01,33418075,181617,"Complex","Euphylliidae","Euphyllidae",NA,NA,NA
"115",116,116,"Euphyllia glabrescens","massive",NA,"common","NT",0,0.007,57041586,229243,"Complex","Euphylliidae","Euphyllidae","brooder",NA,NA
"116",117,117,"Euphyllia paraancora","massive",NA,"uncommon","VU",0,0.05,19228260,102545,"Complex","Euphylliidae","Euphyllidae","spawner",NA,NA
"117",118,118,"Favia danae",NA,NA,NA,"LC",0,0.027,35962769,184646,NA,NA,"Faviidae",NA,NA,NA
"118",119,119,"Favia favus",NA,NA,NA,"LC",0,0.066,69313780,243517,NA,NA,"Faviidae",NA,NA,NA
"119",120,120,"Favia lizardensis",NA,NA,NA,"NT",0,0.08,46681702,201456,NA,NA,"Faviidae",NA,NA,NA
"120",121,121,"Favia maritima",NA,NA,NA,"NT",0,0.083,49458435,201183,NA,NA,"Faviidae",NA,NA,NA
"121",122,122,"Favia matthaii",NA,NA,NA,"NT",0,0.088,75279812,235724,NA,NA,"Faviidae",NA,NA,NA
"122",123,123,"Favia maxima",NA,NA,NA,"NT",0,0.007,33293681,181667,NA,NA,"Faviidae",NA,NA,NA
"123",124,124,"Favia pallida",NA,NA,NA,"LC",0,0.123,73014721,242342,NA,NA,"Faviidae",NA,NA,NA
"124",125,125,"Favia rotumana",NA,NA,NA,"LC",0,0.032,73290570,243271,NA,NA,"Faviidae",NA,NA,NA
"125",126,126,"Favia rotundata",NA,NA,NA,"NT",0,0.079,40208233,209864,NA,NA,"Faviidae",NA,NA,NA
"126",127,127,"Favia stelligera",NA,NA,NA,"NT",0,0.167,76408363,236380,NA,NA,"Faviidae",NA,NA,NA
"127",128,128,"Favites abdita","massive","stress-tolerant","common","NT",0,0.281,78650906,242940,"Robust","Merulinidae","Faviidae","spawner","hermaphrodite",NA
"128",129,129,"Favites chinensis","massive","stress-tolerant","common","NT",0,0.071,58223062,228489,"Robust","Merulinidae","Faviidae","spawner","hermaphrodite",NA
"129",130,130,"Favites complanata","massive",NA,"uncommon","NT",0,0.048,64979928,240802,"Robust","Merulinidae","Faviidae","spawner","hermaphrodite",NA
"130",131,131,"Favites flexuosa","massive",NA,"uncommon","NT",0,0.078,71335568,239267,"Robust","Merulinidae","Faviidae","spawner","hermaphrodite",NA
"131",132,132,"Favites halicora","massive","stress-tolerant","uncommon","NT",0,0.133,57893396,225308,"Robust","Merulinidae","Faviidae","spawner","hermaphrodite",NA
"132",133,133,"Favites micropentagonus",NA,NA,NA,"NT",0,0.033,6854113,73434,NA,NA,"Faviidae",NA,NA,"Favites micropentagonus"
"133",134,134,"Favites pentagona","submassive","stress-tolerant","uncommon","LC",0,0.058,64275457,231329,"Robust","Merulinidae","Faviidae","spawner","hermaphrodite",NA
"134",135,135,"Favites russelli",NA,NA,NA,"NT",0,0.051,67517009,235765,NA,NA,"Faviidae",NA,NA,NA
"135",136,136,"Favites vasta","massive",NA,"uncommon","NT",0,0.027,17726659,72578,"Robust","Merulinidae","Faviidae",NA,NA,NA
"136",137,137,"Fungia danai",NA,NA,NA,NA,NA,0.056,58902161,223028,NA,NA,"Fungiidae",NA,NA,NA
"137",138,138,"Fungia fungites","massive","stress-tolerant","common","NT",1,0.077,66931149,236614,"Robust","Fungiidae","Fungiidae","spawner","gonochore",NA
"138",139,139,"Fungia horrida",NA,NA,NA,NA,NA,0.021,60842159,234543,NA,NA,"Fungiidae",NA,NA,NA
"139",140,140,"Galaxea astreata","submassive","stress-tolerant","common","VU",1,0.035,56837149,229360,"Complex","Euphylliidae","Oculinidae","spawner","gonochore",NA
"140",141,141,"Galaxea fascicularis","massive","stress-tolerant","common","NT",0,0.382,62107800,240028,"Complex","Euphylliidae","Oculinidae","spawner","gonochore",NA
"141",142,142,"Acrhelia horrescens","branching_closed",NA,"common","LC",0,0.095,31972998,175147,"Complex","Euphylliidae","Oculinidae","brooder",NA,"Acrhelia horrescens"
"142",143,143,"Galaxea longisepta","encrusting",NA,"rare","NT",0,0.087,11396169,130240,"Complex","Euphylliidae","Oculinidae",NA,NA,NA
"143",144,144,"Gardineroseris planulata","massive","stress-tolerant","uncommon","LC",1,0.064,99491163,244599,"Complex","Agariciidae","Agariciidae","spawner","gonochore",NA
"144",145,145,"Goniastrea aspera",NA,NA,NA,"LC",0,0.197,67682801,237985,NA,NA,"Faviidae",NA,NA,NA
"145",146,146,"Goniastrea australensis",NA,NA,NA,"LC",0,0.091,70084489,228351,NA,NA,"Faviidae",NA,NA,NA
"146",147,147,"Goniastrea edwardsi","massive","stress-tolerant","common","LC",0,0.106,57736668,227122,"Robust","Merulinidae","Faviidae","spawner","hermaphrodite",NA
"147",148,148,"Goniastrea favulus","massive","stress-tolerant","uncommon","NT",0,0.072,42551210,195682,"Robust","Merulinidae","Faviidae","spawner","hermaphrodite",NA
"148",149,149,"Goniastrea minuta","submassive",NA,"uncommon","NT",0,0.027,20724093,111785,"Robust","Merulinidae","Faviidae","spawner","hermaphrodite",NA
"149",150,150,"Goniastrea pectinata","submassive",NA,"common","LC",0,0.093,70298953,236447,"Robust","Merulinidae","Faviidae","spawner","hermaphrodite",NA
"150",151,151,"Goniastrea retiformis","massive","stress-tolerant","common","LC",0,0.332,60563366,228657,"Robust","Merulinidae","Faviidae","spawner","hermaphrodite",NA
"151",152,152,"Goniopora columna","columnar",NA,"common","NT",1,0.196,57959770,231108,"Complex","Poritidae","Poritidae","spawner","gonochore",NA
"152",153,153,"Goniopora djiboutiensis","columnar",NA,"common","LC",1,0.066,57172929,213416,"Complex","Poritidae","Poritidae","spawner","gonochore",NA
"153",154,154,"Goniopora fruticosa","encrusting",NA,"uncommon","LC",1,0.047,22979606,145600,"Complex","Poritidae","Poritidae",NA,NA,NA
"154",155,155,"Goniopora lobata","columnar",NA,"common","NT",1,0.023,61049325,229509,"Complex","Poritidae","Poritidae","spawner","gonochore",NA
"155",156,156,"Goniopora minor","encrusting",NA,"common","NT",1,0.055,63301319,234762,"Complex","Poritidae","Poritidae","spawner","gonochore",NA
"156",157,157,"Goniopora norfolkensis","encrusting",NA,"uncommon","LC",1,0.035,16670051,135963,"Complex","Poritidae","Poritidae","spawner","gonochore",NA
"157",158,158,"Goniopora somaliensis","encrusting",NA,"uncommon","LC",1,0.101,65375590,240374,"Complex","Poritidae","Poritidae",NA,NA,NA
"158",159,159,"Goniopora stutchburyi",NA,NA,NA,"LC",1,0.018,48293510,202820,NA,NA,"Poritidae",NA,NA,NA
"159",160,160,"Goniopora tenuidens","massive",NA,"common","LC",1,0.028,57310318,228762,"Complex","Poritidae","Poritidae","spawner","gonochore",NA
"160",161,161,"Halomitra pileus","massive",NA,"common","LC",0,0.034,51460232,195747,"Robust","Fungiidae","Fungiidae","spawner","gonochore",NA
"161",162,162,"Herpolitha limax/weberi/Sandolithia africana","massive",NA,"common","LC",0,0.033,70495935,235731,"Robust","Fungiidae","Fungiidae","spawner","gonochore","Herpolitha limax/weberi/Sandolithia africana"
"162",163,163,"Herpolitha weberi",NA,NA,NA,NA,NA,0.007,42122239,160243,NA,NA,"Fungiidae",NA,NA,NA
"163",164,164,"Hydnophora exesa","submassive","generalist","common","NT",0,0.106,62164542,233703,"Robust","Merulinidae","Merulinidae","spawner","hermaphrodite",NA
"164",165,165,"Hydnophora microconos","massive","stress-tolerant","common","NT",1,0.112,71286370,239622,"Robust","Merulinidae","Merulinidae","spawner","hermaphrodite",NA
"165",166,166,"Hydnophora pilosa","columnar",NA,"uncommon","LC",0,0.152,27468424,167600,"Robust","Merulinidae","Merulinidae","spawner","hermaphrodite",NA
"166",167,167,"Hydnophora rigida","branching_closed",NA,"common","LC",0,0.138,52904173,206824,"Robust","Merulinidae","Merulinidae","spawner","hermaphrodite",NA
"167",168,168,"Isopora brueggemanni","branching_open",NA,"common","VU",1,0.979,48305831,195777,"Complex","Acroporidae","Acroporidae","brooder","hermaphrodite",NA
"168",169,169,"Acropora crateriformis","encrusting",NA,"common","VU",0,0.105,9342610,98220,"Complex","Acroporidae","Acroporidae",NA,NA,"Acropora crateriformis"
"169",170,170,"Acropora cuneata","encrusting",NA,"common","VU",1,1.641,50670326,195077,"Complex","Acroporidae","Acroporidae","brooder","hermaphrodite","Acropora cuneata"
"170",171,171,"Isopora palifera","branching_open",NA,"common","NT",1,1.834,63766414,208071,"Complex","Acroporidae","Acroporidae","brooder","hermaphrodite",NA
"171",172,172,"Leptastrea aequalis","encrusting",NA,"rare","VU",0,0.027,12435950,80315,"Robust","Fungiidae","Faviidae",NA,NA,NA
"172",173,173,"Leptastrea bewickensis","encrusting",NA,"uncommon","NT",0,0.47,56016383,184820,"Robust","Fungiidae","Faviidae",NA,NA,NA
"173",174,174,"Leptastrea inaequalis","massive",NA,"uncommon","NT",0,0.046,48496103,201101,"Robust","Fungiidae","Faviidae",NA,NA,NA
"174",175,175,"Leptastrea pruinosa","encrusting",NA,"common","LC",0,0.063,56239053,220620,"Robust","Fungiidae","Faviidae",NA,NA,NA
"175",176,176,"Leptastrea purpurea","encrusting","weedy","common","LC",0,0.088,85030186,246753,"Robust","Fungiidae","Faviidae","spawner","gonochore",NA
"176",177,177,"Leptastrea transversa","encrusting",NA,"common","LC",0,0.108,86882236,244098,"Robust","Fungiidae","Faviidae",NA,NA,NA
"177",178,178,"Leptoria irregularis","encrusting",NA,"uncommon","VU",0,0.01,16122416,117269,"Robust","Merulinidae","Faviidae",NA,NA,NA
"178",179,179,"Leptoria phrygia","massive","stress-tolerant","common","NT",0,0.269,72944525,239416,"Robust","Merulinidae","Faviidae","spawner","hermaphrodite",NA
"179",180,180,"Leptoseris explanata","laminar",NA,"common","LC",0,0.023,55503666,225641,"Complex","Agariciidae","Agariciidae","spawner",NA,NA
"180",181,181,"Leptoseris gardineri","laminar",NA,"uncommon","LC",0,0.02,37159696,186987,"Complex","Agariciidae","Agariciidae",NA,NA,NA
"181",182,182,"Leptoseris hawaiiensis","encrusting",NA,"uncommon","LC",0,0.043,90945145,239434,"Complex","Agariciidae","Agariciidae",NA,NA,NA
"182",183,183,"Leptoseris mycetoseroides","laminar",NA,"common","LC",0,0.03,85580112,245294,"Complex","Agariciidae","Agariciidae",NA,NA,NA
"183",184,184,"Leptoseris scabra","encrusting",NA,"uncommon","LC",0,0.021,89827629,237739,"Complex","Agariciidae","Agariciidae",NA,NA,NA
"184",185,185,"Leptoseris yabei","laminar",NA,"uncommon","VU",0,0.035,45589820,210873,"Complex","Agariciidae","Agariciidae",NA,NA,NA
"185",186,186,"Fungia concinna","massive",NA,"common","LC",1,0.032,80907674,239163,"Robust","Fungiidae","Fungiidae","spawner","gonochore","Fungia concinna"
"186",187,187,"Fungia repanda","massive",NA,"common","LC",1,0.051,60341534,234089,"Robust","Fungiidae","Fungiidae","spawner","gonochore","Fungia repanda"
"187",188,188,"Fungia scabra","massive",NA,"common","LC",0,0.043,30360244,162414,"Robust","Fungiidae","Fungiidae",NA,NA,"Fungia scabra"
"188",189,189,"Lithophyllon undulatum","encrusting",NA,"uncommon","NT",0,0.027,12995615,109712,"Robust","Fungiidae","Fungiidae",NA,NA,NA
"189",190,190,"Fungia scutaria","massive",NA,"common","LC",0,0.023,83942451,239560,"Robust","Fungiidae","Fungiidae","spawner","gonochore","Fungia scutaria"
"190",191,191,"Lobophyllia diminuta","massive",NA,"uncommon","VU",0,0.02,32621536,192284,"Robust","Lobophyllidae","Mussidae",NA,NA,NA
"191",192,192,"Lobophyllia hataii","massive",NA,"common","LC",0,0.1,47424914,218438,"Robust","Lobophyllidae","Mussidae",NA,NA,NA
"192",193,193,"Lobophyllia hemprichii","massive",NA,"common","LC",0,0.174,70992049,237607,"Robust","Lobophyllidae","Mussidae","spawner","hermaphrodite",NA
"193",194,194,"Lobophyllia pachysepta","massive","stress-tolerant","uncommon","NT",0,0.037,35535977,189077,"Robust","Lobophyllidae","Mussidae","spawner","hermaphrodite",NA
"194",195,195,"Madracis kirbyi","digitate",NA,"uncommon","LC",0,0.03,37148697,183630,"Robust","Pocilloporidae","Astrocoeniidae",NA,NA,NA
"195",196,196,"Merulina ampliata","laminar","generalist","common","LC",0,0.138,68975060,236149,"Robust","Merulinidae","Merulinidae","spawner","hermaphrodite",NA
"196",197,197,"Merulina scabricula","laminar",NA,"common","LC",0,0.278,49498932,205282,"Robust","Merulinidae","Merulinidae",NA,NA,NA
"197",198,198,"Montastrea annuligera",NA,NA,NA,NA,NA,0.069,51510446,203003,NA,NA,"Faviidae",NA,NA,NA
"198",199,199,"Montastrea curta","massive","stress-tolerant","common","LC",NA,0.205,76201132,237169,"Robust","Merulinidae","Faviidae","spawner","hermaphrodite",NA
"199",200,200,"Montastrea magnistellata",NA,NA,NA,NA,NA,0.053,55850645,223809,NA,NA,"Faviidae",NA,NA,NA
"200",201,201,"Montastrea salebrosa",NA,NA,NA,NA,NA,0.08,12610347,135387,NA,NA,"Faviidae",NA,NA,NA
"201",202,202,"Montastrea valenciennesi",NA,NA,NA,NA,NA,0.079,50191278,204560,NA,NA,"Faviidae",NA,NA,NA
"202",203,203,"Montipora aequituberculata","laminar",NA,"common","LC",1,0.173,75859947,240867,"Complex","Acroporidae","Acroporidae","spawner","hermaphrodite",NA
"203",204,204,"Montipora altasepta","branching_open",NA,"uncommon","VU",1,1.36,26926776,136360,"Complex","Acroporidae","Acroporidae","spawner","hermaphrodite",NA
"204",205,205,"Montipora angulata","branching_closed",NA,"rare","VU",1,0.165,41920228,191685,"Complex","Acroporidae","Acroporidae",NA,NA,NA
"205",206,206,"Montipora australiensis","columnar",NA,"rare","VU",1,0.257,40722003,180964,"Complex","Acroporidae","Acroporidae",NA,NA,NA
"206",207,207,"Montipora cactus","encrusting_long_uprights",NA,"uncommon","VU",1,1.81,7012863,74622,"Complex","Acroporidae","Acroporidae","spawner","hermaphrodite",NA
"207",208,208,"Montipora calcarea","digitate",NA,"uncommon","VU",1,0.03,17886982,92531,"Complex","Acroporidae","Acroporidae",NA,NA,NA
"208",209,209,"Montipora caliculata","massive",NA,"uncommon","VU",1,0.161,43634113,190326,"Complex","Acroporidae","Acroporidae",NA,NA,NA
"209",210,210,"Montipora capitata","encrusting_long_uprights","competitive","uncommon","NT",1,0.124,37508229,133837,"Complex","Acroporidae","Acroporidae","spawner","hermaphrodite",NA
"210",211,211,"Montipora confusa","encrusting_long_uprights",NA,"uncommon","NT",1,0.204,8524080,110455,"Complex","Acroporidae","Acroporidae",NA,NA,NA
"211",212,212,"Montipora corbettensis","digitate",NA,"uncommon","VU",1,0.054,24447907,155975,"Complex","Acroporidae","Acroporidae",NA,NA,NA
"212",213,213,"Montipora crassituberculata","laminar",NA,"uncommon","VU",1,0.157,48678047,195428,"Complex","Acroporidae","Acroporidae","spawner","hermaphrodite",NA
"213",214,214,"Montipora danae","laminar","generalist","common","LC",1,0.093,64673944,223473,"Complex","Acroporidae","Acroporidae","spawner","hermaphrodite",NA
"214",215,215,"Montipora delicatula","laminar",NA,"uncommon","VU",1,0.584,5211715,69375,"Complex","Acroporidae","Acroporidae",NA,NA,NA
"215",216,216,"Montipora digitata","branching_open","competitive","common","LC",1,0.611,56741333,226343,"Complex","Acroporidae","Acroporidae","spawner","hermaphrodite",NA
"216",217,217,"Montipora efflorescens","massive",NA,"uncommon","NT",1,0.174,71718595,240476,"Complex","Acroporidae","Acroporidae","spawner","hermaphrodite",NA
"217",218,218,"Montipora florida","laminar",NA,"uncommon","VU",1,0.211,5277067,69399,"Complex","Acroporidae","Acroporidae",NA,NA,NA
"218",219,219,"Montipora floweri","submassive",NA,"uncommon","LC",1,0.137,56726661,219963,"Complex","Acroporidae","Acroporidae",NA,NA,NA
"219",220,220,"Montipora foliosa","laminar",NA,"common","NT",1,0.933,67457453,237787,"Complex","Acroporidae","Acroporidae","spawner","hermaphrodite",NA
"220",221,221,"Montipora foveolata","massive",NA,"uncommon","NT",1,0.132,49796598,205723,"Complex","Acroporidae","Acroporidae","spawner","hermaphrodite",NA
"221",222,222,"Montipora grisea","massive",NA,"common","LC",1,0.668,56169887,201174,"Complex","Acroporidae","Acroporidae","spawner","hermaphrodite",NA
"222",223,223,"Montipora hirsuta","branching_open",NA,"common","NT",1,0.168,6228246,71419,"Complex","Acroporidae","Acroporidae",NA,NA,NA
"223",224,224,"Montipora hispida","encrusting_long_uprights",NA,"common","LC",1,0.349,66419128,216088,"Complex","Acroporidae","Acroporidae","spawner","hermaphrodite",NA
"224",225,225,"Montipora hodgsoni","laminar",NA,"uncommon","VU",1,0.241,6665969,89985,"Complex","Acroporidae","Acroporidae",NA,NA,NA
"225",226,226,"Montipora hoffmeisteri","encrusting",NA,"common","LC",1,0.151,42363191,191778,"Complex","Acroporidae","Acroporidae","spawner","hermaphrodite",NA
"226",227,227,"Montipora incrassata","encrusting",NA,"uncommon","NT",1,0.017,43665371,179338,"Complex","Acroporidae","Acroporidae",NA,"hermaphrodite",NA
"227",228,228,"Montipora informis","massive",NA,"common","LC",1,0.45,66603810,237515,"Complex","Acroporidae","Acroporidae","spawner","hermaphrodite",NA
"228",229,229,"Montipora malampaya","digitate",NA,"uncommon","VU",1,1.488,6263557,71399,"Complex","Acroporidae","Acroporidae","spawner","hermaphrodite",NA
"229",230,230,"Montipora meandrina","encrusting",NA,"common","VU",1,0.025,7984131,71341,"Complex","Acroporidae","Acroporidae",NA,NA,NA
"230",231,231,"Montipora millepora","encrusting",NA,"common","LC",1,0.038,60518933,225240,"Complex","Acroporidae","Acroporidae",NA,NA,NA
"231",232,232,"Montipora monasteriata","laminar","generalist","common","LC",1,0.783,61031572,228983,"Complex","Acroporidae","Acroporidae","spawner","hermaphrodite",NA
"232",233,233,"Montipora nodosa","massive",NA,"uncommon","NT",1,0.227,48277382,206726,"Complex","Acroporidae","Acroporidae",NA,NA,NA
"233",234,234,"Montipora peltiformis","submassive",NA,"uncommon","NT",1,0.334,65971347,210399,"Complex","Acroporidae","Acroporidae","spawner","hermaphrodite",NA
"234",235,235,"Montipora samarensis","branching_open",NA,"uncommon","VU",1,0.148,25224241,129905,"Complex","Acroporidae","Acroporidae","spawner","hermaphrodite",NA
"235",236,236,"Montipora spongodes","encrusting",NA,"common","LC",1,0.243,54837264,207121,"Complex","Acroporidae","Acroporidae",NA,NA,NA
"236",237,237,"Montipora spumosa","encrusting",NA,"common","LC",1,0.279,65697163,231970,"Complex","Acroporidae","Acroporidae","spawner","hermaphrodite",NA
"237",238,238,"Montipora stellata","digitate",NA,"common","LC",1,0.361,21636389,173520,"Complex","Acroporidae","Acroporidae","spawner","hermaphrodite",NA
"238",239,239,"Montipora tuberculosa","massive",NA,"common","LC",1,1.225,81911149,244079,"Complex","Acroporidae","Acroporidae","spawner","hermaphrodite",NA
"239",240,240,"Montipora turgescens","massive",NA,"common","LC",1,0.169,74532330,237810,"Complex","Acroporidae","Acroporidae","spawner","hermaphrodite",NA
"240",241,241,"Montipora undata","laminar",NA,"uncommon","NT",1,0.084,51967376,207589,"Complex","Acroporidae","Acroporidae",NA,NA,NA
"241",242,242,"Montipora venosa","massive","stress-tolerant","uncommon","NT",1,0.15,68259852,241900,"Complex","Acroporidae","Acroporidae","spawner","hermaphrodite",NA
"242",243,243,"Montipora verrucosa","laminar","generalist","uncommon","LC",1,0.096,82204377,244963,"Complex","Acroporidae","Acroporidae","spawner","hermaphrodite",NA
"243",244,244,"Montipora verruculosus",NA,NA,NA,"VU",1,0.092,6818733,88841,NA,NA,"Acroporidae",NA,NA,"Montipora verruculosus"
"244",245,245,"Montipora vietnamensis","digitate",NA,"uncommon","VU",1,0.256,7393691,76237,"Complex","Acroporidae","Acroporidae",NA,NA,NA
"245",246,246,"Mycedium elephantotus","laminar","generalist","common","LC",0,0.121,62663363,235384,"Robust","Merulinidae","Pectiniidae","spawner","hermaphrodite",NA
"246",247,247,"Mycedium mancaoi","laminar",NA,"uncommon","LC",0,0.11,36185909,168305,"Robust","Merulinidae","Pectiniidae",NA,NA,NA
"247",248,248,"Mycedium robokaki","laminar",NA,"common","LC",0,0.197,6137336,85149,"Robust","Merulinidae","Pectiniidae",NA,"hermaphrodite",NA
"248",249,249,"Oulophyllia bennettae","massive",NA,"uncommon","NT",0,0.1,42050228,194291,"Robust","Merulinidae","Faviidae","spawner",NA,NA
"249",250,250,"Oulophyllia crispa","massive","stress-tolerant","uncommon","NT",0,0.102,61271890,226214,"Robust","Merulinidae","Faviidae","spawner","hermaphrodite",NA
"250",251,251,"Oxypora glabra","laminar",NA,"common","LC",0,0.114,23608698,156508,"Robust","Lobophyllidae","Pectiniidae","spawner","hermaphrodite",NA
"251",252,252,"Oxypora lacera","laminar",NA,"common","LC",0,0.117,62933870,232046,"Robust","Lobophyllidae","Pectiniidae","spawner","hermaphrodite",NA
"252",253,253,"Pachyseris rugosa","laminar","generalist","common","VU",1,0.218,48344950,219702,"Complex","Pachyseridae","Agariciidae","spawner","gonochore",NA
"253",254,254,"Pachyseris speciosa","laminar","generalist","common","LC",0,0.279,65161047,233426,"Complex","Pachyseridae","Agariciidae","spawner","gonochore",NA
"254",255,255,"Paraclavarina triangularis",NA,NA,NA,"NT",0,0.077,28733892,155637,NA,NA,"Merulinidae",NA,NA,NA
"255",256,256,"Scolymia vitiensis","massive",NA,"uncommon",NA,NA,0.007,50326657,188937,"Robust","Lobophyllidae","Mussidae","spawner","hermaphrodite","Scolymia vitiensis"
"256",257,257,"Pavona bipartita","submassive",NA,"uncommon","VU",0,0.513,52285020,175125,"Complex","Agariciidae","Agariciidae",NA,NA,NA
"257",258,258,"Pavona cactus","digitate",NA,"common","VU",1,0.027,65458589,239950,"Complex","Agariciidae","Agariciidae","spawner","gonochore",NA
"258",259,259,"Pavona clavus","columnar","stress-tolerant","common","LC",1,0.072,78989135,236612,"Complex","Agariciidae","Agariciidae","spawner","gonochore",NA
"259",260,260,"Pavona decussata","digitate","generalist","common","VU",0,0.149,67614947,240383,"Complex","Agariciidae","Agariciidae",NA,NA,NA
"260",261,261,"Pavona explanulata","laminar",NA,"common","LC",0,0.09,77184805,242197,"Complex","Agariciidae","Agariciidae",NA,NA,NA
"261",262,262,"Pavona maldivensis","columnar",NA,"common","LC",0,0.135,105646230,240836,"Complex","Agariciidae","Agariciidae",NA,NA,NA
"262",263,263,"Pavona minuta","submassive",NA,"uncommon","NT",1,0.04,31923647,167836,"Complex","Agariciidae","Agariciidae",NA,NA,NA
"263",264,264,"Pavona varians","encrusting","stress-tolerant","common","LC",0,0.246,99989137,246201,"Complex","Agariciidae","Agariciidae","spawner","gonochore",NA
"264",265,265,"Pavona venosa","encrusting",NA,"common","VU",0,0.189,57389915,228288,"Complex","Agariciidae","Agariciidae",NA,NA,NA
"265",266,266,"Pectinia lactuca","encrusting",NA,"common","VU",1,0.106,49404257,206510,"Robust","Merulinidae","Pectiniidae","spawner","hermaphrodite",NA
"266",267,267,"Pectinia paeonia","laminar",NA,"common","NT",1,0.054,40555608,197098,"Robust","Merulinidae","Pectiniidae","spawner","hermaphrodite",NA
"267",268,268,"Physogyra exerta","massive","stress-tolerant","common","VU",0,0.104,56892143,229829,"Robust","Plesiastreidae","Euphyllidae",NA,NA,"Physogyra exerta"
"268",269,269,"Platygyra daedalea","massive","stress-tolerant","common","LC",0,0.115,68843454,242827,"Robust","Merulinidae","Faviidae","spawner","hermaphrodite",NA
"269",270,270,"Platygyra lamellina","massive","stress-tolerant","uncommon","NT",0,0.127,58952051,230779,"Robust","Merulinidae","Faviidae","spawner","hermaphrodite",NA
"270",271,271,"Platygyra pini","massive",NA,"common","LC",0,0.094,52161363,213366,"Robust","Merulinidae","Faviidae","spawner","hermaphrodite",NA
"271",272,272,"Platygyra ryukyuensis","massive",NA,"uncommon","NT",0,0.055,45397744,191154,"Robust","Merulinidae","Faviidae","spawner","hermaphrodite",NA
"272",273,273,"Platygyra sinensis","massive","stress-tolerant","uncommon","LC",0,0.096,70520299,242218,"Robust","Merulinidae","Faviidae","spawner","hermaphrodite",NA
"273",274,274,"Platygyra verweyi","massive",NA,"uncommon","NT",0,0.03,16777756,145465,"Robust","Merulinidae","Faviidae",NA,NA,NA
"274",275,275,"Plerogyra sinuosa","massive","stress-tolerant","common","NT",0,0.03,64559123,234211,"Robust","Plesiastreidae","Euphyllidae",NA,NA,NA
"275",276,276,"Plesiastrea versipora","massive","stress-tolerant","uncommon","LC",0,0.051,82016455,243883,"Robust","Plesiastreidae","Faviidae","spawner","gonochore",NA
"276",277,277,"Fungia paumotensis","massive",NA,"common","LC",1,0.027,79134765,240157,"Robust","Fungiidae","Fungiidae","spawner","gonochore","Fungia paumotensis"
"277",278,278,"Pocillopora damicornis","branching_closed","weedy","common","LC",0,0.168,105600013,246233,"Robust","Pocilloporidae","Pocilloporidae",NA,"hermaphrodite",NA
"278",279,279,"Pocillopora eydouxi","branching_open","competitive","common","NT",1,0.729,95030081,240146,"Robust","Pocilloporidae","Pocilloporidae","spawner","hermaphrodite",NA
"279",280,280,"Pocillopora meandrina","branching_closed","competitive","common","LC",0,0.905,80189143,212495,"Robust","Pocilloporidae","Pocilloporidae","spawner","hermaphrodite",NA
"280",281,281,"Pocillopora verrucosa","branching_closed","competitive","common","LC",0,1.506,105847101,246456,"Robust","Pocilloporidae","Pocilloporidae","spawner","hermaphrodite",NA
"281",282,282,"Pocillopora woodjonesi","branching_open",NA,"uncommon","LC",0,0.102,43962972,197014,"Robust","Pocilloporidae","Pocilloporidae",NA,NA,NA
"282",283,283,"Podabacia crustacea","encrusting",NA,"common","LC",0,0.025,62789839,234730,"Robust","Fungiidae","Fungiidae",NA,"gonochore",NA
"283",284,284,"Podabacia motuporensis","encrusting",NA,"uncommon","NT",0,0.062,45324207,186987,"Robust","Fungiidae","Fungiidae",NA,NA,NA
"284",285,285,"Polyphyllia talpina","massive",NA,"common","LC",0,0.018,49248238,205957,"Robust","Fungiidae","Fungiidae",NA,"gonochore",NA
"285",286,286,"Porites annae","digitate","stress-tolerant","common","NT",0,0.214,35214232,189637,"Complex","Poritidae","Poritidae","spawner","gonochore",NA
"286",287,287,"Porites attenuata","branching_closed",NA,"common","VU",1,0.671,24741269,127579,"Complex","Poritidae","Poritidae",NA,NA,NA
"287",288,288,"Porites andrewsi","encrusting_long_uprights","weedy","common","NT",1,1.889,57395519,210732,"Complex","Poritidae","Poritidae","spawner","gonochore","Porites andrewsi"
"288",289,289,"Porites horizontalata","digitate",NA,"uncommon","VU",1,0.41,35388978,138126,"Complex","Poritidae","Poritidae",NA,"gonochore",NA
"289",290,290,"Porites latistella","digitate",NA,"uncommon","LC",0,0.19,42849223,147197,"Complex","Poritidae","Poritidae",NA,NA,NA
"290",291,291,"Porites lichen","laminar",NA,"common","LC",0,1.337,97707217,237144,"Complex","Poritidae","Poritidae",NA,NA,NA
"291",292,292,"Porites nigrescens","branching_closed",NA,"uncommon","VU",0,0.719,55805993,226520,"Complex","Poritidae","Poritidae",NA,NA,NA
"292",293,293,"Porites rugosa","branching_closed",NA,"uncommon","VU",1,1.603,4948804,68903,"Complex","Poritidae","Poritidae",NA,NA,NA
"293",294,294,"Porites rus","digitate","weedy","common","LC",0,0.693,85048962,231553,"Complex","Poritidae","Poritidae","spawner","gonochore",NA
"294",295,295,"Porites sillimaniana",NA,NA,NA,"VU",1,0.131,22858649,122093,NA,NA,"Poritidae",NA,NA,NA
"295",296,296,"Porites solida","massive",NA,"common","LC",0,0.068,84878857,241975,"Complex","Poritidae","Poritidae","spawner","gonochore",NA
"296",297,297,"Porites tuberculosa","branching_closed",NA,"uncommon","VU",1,0.819,6519344,85975,"Complex","Poritidae","Poritidae",NA,NA,NA
"297",298,298,"Porites vaughani","encrusting",NA,"uncommon","LC",0,0.613,42673560,200257,"Complex","Poritidae","Poritidae",NA,NA,NA
"298",299,299,"Psammocora decussata/obtusangula/ramosa","columnar",NA,"common","NT",1,0.104,69090402,241841,"Robust","Psammocoridae","Siderastreidae",NA,"gonochore","Psammocora decussata/obtusangula/ramosa"
"299",300,300,"Psammocora digitata","columnar",NA,"common","NT",1,0.075,62785261,214674,"Robust","Psammocoridae","Siderastreidae",NA,"gonochore",NA
"300",301,301,"Psammocora haimeana","submassive",NA,"common",NA,NA,0.095,67106624,233288,"Robust","Psammocoridae","Siderastreidae",NA,NA,NA
"301",303,303,"Psammocora profundacella","encrusting","generalist","common","LC",1,0.048,106091998,238897,"Robust","Psammocoridae","Siderastreidae","spawner",NA,"Psammocora profundacella"
"302",304,304,"Psammocora vaughani","massive",NA,"common","DD",NA,0.049,74805003,229861,"Robust","Psammocoridae","Siderastreidae",NA,NA,NA
"303",305,305,"Sandalolitha robusta","massive",NA,"common","LC",0,0.053,50751956,207415,"Robust","Fungiidae","Fungiidae","spawner","gonochore",NA
"304",306,306,"Scapophyllia cylindrica","columnar",NA,"uncommon","LC",0,0.033,37829329,189486,"Robust","Merulinidae","Merulinidae","spawner","hermaphrodite",NA
"305",307,307,"Seriatopora caliendrum","branching_closed",NA,"uncommon","NT",0,0.054,54567760,229041,"Robust","Pocilloporidae","Pocilloporidae","brooder",NA,NA
"306",308,308,"Seriatopora hystrix","branching_closed","weedy","common","LC",0,0.412,63365067,232594,"Robust","Pocilloporidae","Pocilloporidae","brooder","hermaphrodite",NA
"307",309,309,"Stylocoeniella armata","encrusting",NA,"common","LC",0,0.019,58384864,217438,"Robust","Pocilloporidae","Astrocoeniidae",NA,NA,NA
"308",310,310,"Stylocoeniella cocosensis","encrusting",NA,"rare","VU",0,0.01,5452772,68861,"Robust","Pocilloporidae","Astrocoeniidae",NA,NA,NA
"309",311,311,"Stylocoeniella guentheri","digitate",NA,"common","LC",0,0.024,67241384,237640,"Robust","Pocilloporidae","Astrocoeniidae",NA,NA,NA
"310",312,312,"Stylophora pistillata","branching_closed","weedy","common","NT",0,0.433,69104066,240093,"Robust","Pocilloporidae","Pocilloporidae","brooder","hermaphrodite",NA
"311",313,313,"Symphyllia agaricia","massive",NA,"common","LC",0,0.067,56109548,229070,"Robust","Lobophyllidae","Mussidae",NA,NA,NA
"312",314,314,"Symphyllia radians","massive",NA,"common","LC",0,0.121,47597863,219322,"Robust","Lobophyllidae","Mussidae","spawner","hermaphrodite",NA
"313",315,315,"Symphyllia recta","massive",NA,"common","LC",0,0.083,58323883,212136,"Robust","Lobophyllidae","Mussidae","spawner","hermaphrodite",NA
"314",316,316,"Symphyllia valenciennesii","encrusting",NA,"common","LC",0,0.035,58058952,228279,"Robust","Lobophyllidae","Mussidae",NA,NA,NA
"315",317,317,"Turbinaria frondens","laminar","generalist","common","LC",0,0.2,60112674,227637,"Complex","Dendrophylliidae","Dendrophylliidae","spawner","gonochore",NA
"316",318,318,"Turbinaria peltata",NA,NA,NA,"VU",0,0.054,61453391,233169,NA,NA,"Dendrophylliidae",NA,NA,NA
"317",319,319,"Turbinaria reniformis","laminar",NA,"uncommon","VU",0,0.247,70086078,240553,"Complex","Dendrophylliidae","Dendrophylliidae","spawner","gonochore",NA
"318",320,320,"Turbinaria stellulata","massive",NA,"uncommon","VU",0,0.068,53798051,224233,"Complex","Dendrophylliidae","Dendrophylliidae",NA,NA,NA
"319",321,321,"Zoopilus echinatus","massive",NA,"uncommon","LC",0,0.15,25897523,129268,"Robust","Fungiidae","Fungiidae",NA,NA,NA
