"","Species","GrowthForm_CTD","Abund_CTD","family_molecules","family_morphology","larval","Abundance_GBR","Abundance_world","Growth_form_typical","Wave_exposure_preference","Growth_form_Wallace","MeanPCcover","ReefArea_Range","Depth_lower","Depth_upper","Oocyte_size_at_maturity","Polyp_fecundity","Polyps_per_area","Colony_maximum_diameter","Corallite_width_maximum","Corallite_width_minimum","Growth_rate","Colony_area","Size_at_maturity","Eggs_per_area","Colony_surface_area"
"1","Acanthastrea echinata","massive","common","Lobophyllidae","Mussidae","spawner","uncommon","common","massive","broad",NA,0.065,241312,43.3333333333333,8.33333333333333,443,7.090104,37.4073333333333,258.636666666667,16.734,8.986,44.0321152661064,850.492428591798,31.9820989264,380,4.97750000000001
"2","Acropor digitifera",NA,NA,NA,NA,NA,NA,NA,NA,NA,NA,NA,181199.5,35.2016666666667,4.69833333333333,395.415,1.023,42.777,171.603333333333,58.215,8.18699999999999,64.6830057913165,934.848665677496,37.2319414516,380,4.97750000000001
"3","Acropora abrolhosensis","branching_open","rare","Acroporidae","Acroporidae","spawner","common","uncommon","branching_open","exposed","corymbose",0.108,172690,20.5,0,357.605,7.51615666666666,64.5953333333334,133.333333333333,1,0.8,29.1032530182073,875.799299717507,34.2709042084,380,4.97750000000001
"4","Acropora abrotanoides","branching_open","uncommon","Acroporidae","Acroporidae","spawner","common","uncommon","corymbose","broad","arborescent_tables",0.145,234616,37.4,5.33333333333333,656,8.27956833333333,38.764,78.2933333333333,1.2,0.6,42.9,1002.33365534606,27.311104718,380,4.97750000000001
"5","Acropora aculeus","corymbose","uncommon","Acroporidae","Acroporidae","spawner","uncommon","uncommon","branching_open","broad","tables_or_plates",0.058,207015,22.5,5,375.42,4.58215666666667,34.7333333333333,150,1.3,0.8,63.1286877030812,892.670547134647,38.6271179636,380,4.97750000000001
"6","Acropora acuminata","branching_open","uncommon","Acroporidae","Acroporidae",NA,"common","uncommon","tables_or_plates","exposed","arborescent",1.189,212939,17.5,5,425.665,6.81969066666666,51.435,50,1.8,1,69.4708234383753,892.670547134647,35.2072040332,380,4.97750000000001
"7","Acropora anthocercis","tables_or_plates","uncommon","Acroporidae","Acroporidae","spawner","common","uncommon","branching_open","exposed","arborescent",0.38,216222,9.33333333333333,0,337.225,7.19587666666666,55.6526666666667,50,1.5,0.6,26.629575,833.621181174658,33.0117823956,380,4.97750000000001
"8","Acropora aspera","branching_open","uncommon","Acroporidae","Acroporidae","spawner","uncommon","common","branching_open","exposed","hispidose",0.342,194457,24.75,3.75,309.496666666667,5.34252333333334,103.260333333333,365.38,1,0.7,0.37,707.08682554611,29.7520477688,380,4.97750000000001
"9","Acropora austera","branching_open","common","Acroporidae","Acroporidae",NA,"common","uncommon","hispidose","protected","hispidose",0.258,234077,12.5,0,420,5.62177333333334,103.384,287.876666666667,0.9,0.5,24,681.7799544204,20.8343065192,380,4.97750000000001
"10","Acropora awi","hispidose","uncommon","Acroporidae","Acroporidae",NA,NA,"common","hispidose","protected","caespitose_corymbose",0.05,95608,36.25,4,459.005,13.3049516666667,47.2253333333333,100,1,0.6,70.3684662254902,1044.5117738889,29.098362258,380,4.97750000000001
"11","Acropora carduus","hispidose","common","Acroporidae","Acroporidae","spawner","common","uncommon","tables_or_plates","exposed","corymbose",0.165,181180,35,10,345.061666666667,3.93241833333334,62.5726666666667,237.863333333333,0.8,0.3,20.074838837535,825.185557466088,36.1676284624,380,4.97750000000001
"12","Acropora caroliniana","tables_or_plates","uncommon","Acroporidae","Acroporidae",NA,"common","common","corymbose","exposed","tables_or_plates",0.059,167504,26.2,3,381.425,8.06467666666666,59.3076666666667,150,0.9,0.5,40.9892446568628,951.719913094636,33.7266854116,380,4.97750000000001
"13","Acropora cerealis","corymbose","common","Acroporidae","Acroporidae","spawner","common","common","tables_or_plates","broad","tables_or_plates",0.188,230455,27.25,3.5,646,18.5925866666667,54.7786666666667,50,1,0.7,80.6333333333333,1061.38302130604,28.0179661992,380,4.97750000000001
"14","Acropora clathrata","tables_or_plates","common","Acroporidae","Acroporidae","spawner","common","common","tables_or_plates","broad","corymbose",0.234,237106,30.0833333333333,13,305.568333333333,4.83726333333334,123.100666666667,447.653333333333,0.8,0.6,11.484888452381,715.52244925468,23.6592890632,380,4.97750000000001
"15","Acropora cytherea","tables_or_plates","common","Acroporidae","Acroporidae",NA,"common","common","corymbose","protected","corymbose",0.921,238455,32.5,10,446,4.72757333333334,62.3196666666667,450,1.6,0.6,41.9,808.314310048948,29.0878573424,380,4.97750000000001
"16","Acropora cytherea",NA,NA,NA,NA,NA,NA,NA,NA,NA,NA,NA,187435.28,28.1197142857143,3.3725,371.67,6.448,36.9713333333333,129.736666666667,10.469,1.912,54.2755555672269,934.848665677496,38.0321865772,380,4.97750000000001
"17","Acropora desalwii","corymbose","common","Acroporidae","Acroporidae",NA,NA,"common","tables_or_plates","exposed","arborescent_tables",0.073,88805,20,5.5,337.185,6.38758,63.4990000000001,333.333333333333,1.4,0.8,15.820586127451,732.393696671819,33.2919333288,380,4.97750000000001
"18","Acropora digitifera","digitate","uncommon","Acroporidae","Acroporidae","spawner","common","uncommon","branching_open","broad","hispidose",0.552,235048,36.6666666666667,5,340.785,5.02662166666667,50.5626666666667,200,1,0.5,16.7,901.106170843217,29.0798158076,380,4.97750000000001
"19","Acropora divaricata","tables_or_plates","common","Acroporidae","Acroporidae","spawner","rare","uncommon","hispidose","protected","hispidose",0.175,207244,41.6666666666667,8,155,5.39303,56.7926666666667,109.076666666667,0.9,0.6,40.3,884.234923426077,32.7396729972,380,4.97750000000001
"20","Acropora donei","branching_open","uncommon","Acroporidae","Acroporidae","spawner","common","common","hispidose","broad","hispidose",0.231,183994,24.5,2.5,327.61,5.12619,134.491666666667,500,1.4,0.7,6.78922489495798,715.52244925468,32.713085012,380,4.97750000000001
"21","Acropora echinata","hispidose","uncommon","Acroporidae","Acroporidae","spawner","common","rare","branching_closed","broad","corymbose",0.137,186715,20,2,423.33,6.67237333333333,56.6463333333334,50,1.6,1,54.4123172829132,892.670547134647,38.7124600732,380,4.97750000000001
"22","Acropora elseyi","hispidose","common","Acroporidae","Acroporidae","spawner","rare","common","branching_open","broad","corymbose",0.602,201652,31.5,3,379.57,8.34264999999999,32.4476666666666,45,1.3,0.9,34.3,960.155536803206,35.428600842,380,4.97750000000001
"23","Acropora fastigata","branching_closed","rare","Acroporidae","Acroporidae",NA,"common","common","digitate","broad",NA,0.093,103898,16,1,328.74,8.03271666666666,115.292,599.48,28.96,10.205,19.2778527380952,723.95807296325,34.0575489344,380,4.97750000000001
"24","Acropora florida","branching_open","common","Acroporidae","Acroporidae","spawner","common","rare","tables_or_plates","protected","tables_or_plates",0.354,206863,20,5,424.55,6.11217333333333,47.8503333333333,100,1.7,0.8,60.9198634523809,892.670547134647,36.1515453928,380,4.97750000000001
"25","Acropora gemmifera","digitate","common","Acroporidae","Acroporidae","spawner","uncommon","common","digitate","exposed",NA,0.329,235446,14,0,415.573333333333,4.966,129,447.38,0.9,0.4,5.9,479.324985414723,10.07859514,380,4.97750000000001
"26","Acropora glauca","tables_or_plates","rare","Acroporidae","Acroporidae","spawner","common","uncommon","branching_open","exposed","arborescent",0.123,167754,23.5,5,434.92,8.31793333333333,44.262,88.0466666666667,1.1,0.6,64.218346617647,985.462407928915,30.0427036176,380,4.97750000000001
"27","Acropora globiceps","digitate","common","Acroporidae","Acroporidae",NA,NA,"common","branching_open","broad","corymbose",0.264,131898,47,20,507.175,9.95210333333333,67.1323333333334,87.95,1.5,0.6,46.4943700560224,909.541794551787,33.9054111656,380,4.97750000000001
"28","Acropora gomezi","branching_open","uncommon","Acroporidae","Acroporidae",NA,NA,"common","tables_or_plates","broad",NA,0.323,69591,34.0591666666667,3.19166666666667,330.705,7.36942733333333,137.652,491.01,36.058,20.966,2,766.136191506099,33.7347269464,380,4.97750000000001
"29","Acropora grandis","branching_open","common","Acroporidae","Acroporidae","spawner","common","common","branching_open","broad","arborescent",0.71,223434,26.75,6.5,440.975,7.276,43.694,80,1.1,0.4,66.4723462184874,1069.81864501461,26.9029406204,380,4.97750000000001
"30","Acropora granulosa","tables_or_plates","common","Acroporidae","Acroporidae","spawner","common","uncommon","branching_closed","protected","corymbose",0.085,201522,12.8,1.5,354.6,5.23089666666667,72.6746666666667,180,1.5,0.8,9.8625,791.443062631809,40.7025679716,380,4.97750000000001
"31","Acropora hoeksemai","branching_open","common","Acroporidae","Acroporidae",NA,NA,"common","digitate","exposed","corymbose",0.46,70086,20,2.5,371.615,8.07226666666666,75.902,103,0.6,0.4,23.4786434803922,850.492428591798,31.4805511844,380,4.97750000000001
"32","Acropora horrida","branching_closed","uncommon","Acroporidae","Acroporidae","spawner","common","common","tables_or_plates","exposed","corymbose",0.35,237043,30,0.5,303.751666666667,7.13761333333333,58.2693333333334,80,0.9,0.6,18.9071382142857,884.234923426077,26.9616947448,380,4.97750000000001
"33","Acropora humilis","digitate","common","Acroporidae","Acroporidae","spawner","common","uncommon","branching_closed","broad","hispidose",0.112,236957,18.75,2,144,5.66723333333334,166.588333333333,505.406666666667,1,0.6,8.9,698.65120183754,25.0037529856,380,4.97750000000001
"34","Acropora humilis",NA,NA,NA,NA,NA,NA,NA,NA,NA,NA,NA,167108.126666667,40.542,3.795,472.42,14.074,38.6886666666666,68.3333333333333,10.366,7.065,50.3761769327731,985.462407928915,33.4038634236,380,4.97750000000001
"35","Acropora hyacinthus","tables_or_plates","common","Acroporidae","Acroporidae","spawner","uncommon","uncommon","branching_closed","broad","corymbose",0.989,225544,32.6666666666667,3,461.5,9.496,4.1,30,1.2,0.5,74.8,1322.88735627171,28.2474045428,380,4.97750000000001
"36","Acropora insignis","branching_closed","uncommon","Acroporidae","Acroporidae",NA,NA,"common","corymbose","protected",NA,0.318,137056,16.25,3,405.95,8.20307333333333,52.7643333333334,160.65,15.629,9.2154,45.7490095518207,917.977418260356,42.260387168,380,4.97750000000001
"37","Acropora intermedia","branching_open","common","Acroporidae","Acroporidae","spawner","common","uncommon","branching_closed","exposed","arborescent",1.014,234438,16.5,6.66666666666667,462,6.33276333333333,56.2433333333334,75,1.2,0.6,54.0840733823529,917.977418260357,26.417475948,380,4.97750000000001
"38","Acropora kimbeensis","branching_closed","uncommon","Acroporidae","Acroporidae",NA,"common","common","hispidose","broad","corymbose",0.206,129998,26,2.5,330.455,8.06800666666666,65.1050000000001,104.74,1,0.6,28.0924147759104,917.977418260356,31.5232222392,380,4.97750000000001
"39","Acropora latistella","corymbose","common","Acroporidae","Acroporidae","spawner","common","common","corymbose","broad","corymbose",0.193,236156,19,3,376.51,5.56057333333334,64.39,166.29,1.6,0.4,22.8552179901961,799.878686340378,33.1212491096,380,4.97750000000001
"40","Acropora listeri","branching_closed","uncommon","Acroporidae","Acroporidae","spawner","common","uncommon","branching_open","exposed","arborescent",0.036,220974,31.6666666666667,5,333.98,4.84342666666667,34.3386666666666,250,1.2,0.6,21.2338053641457,867.363676008938,33.0624949852,380,4.97750000000001
"41","Acropora longicyathus","hispidose","common","Acroporidae","Acroporidae","spawner","common","uncommon","corymbose","exposed","corymbose",0.475,212034,21.5,6,369.415,5.25761333333334,39.0253333333333,108.35,1.2,0.8,53.7064343627451,892.670547134647,35.1645329784,380,4.97750000000001
"42","Acropora loripes","corymbose","common","Acroporidae","Acroporidae","spawner","uncommon","common","branching_open","broad","corymbose",0.077,203101,21,2,321.665,7.12136666666666,68.5523333333334,50,1,0.5,18.666733592437,799.878686340379,34.0921784544,380,4.97750000000001
"43","Acropora lutkeni","branching_open","uncommon","Acroporidae","Acroporidae","spawner","uncommon","common","corymbose","broad","encrusting",0.12,188468,13,1,356.685,5.53773666666667,57.771,200,1.1,0.5,25.0413696638655,816.749933757518,33.1985496844,380,4.97750000000001
"44","Acropora microclados","corymbose","uncommon","Acroporidae","Acroporidae","spawner","uncommon","uncommon","digitate","exposed","tables_or_plates",0.125,199104,20,4.33333333333333,402.485,4.09628,44.6513333333333,150,1.3,0.9,59.7701998739496,892.670547134647,40.830581136,380,4.97750000000001
"45","Acropora microphthalma","branching_open","common","Acroporidae","Acroporidae","spawner","uncommon","common","branching_open","protected","arborescent",0.49,233032,12.5,1,367.951666666667,6.70654333333333,93.1550000000001,100,0.8,0.4,26.9201166666667,766.136191506099,24.4941637088,380,4.97750000000001
"46","Acropora millepora","corymbose","common","Acroporidae","Acroporidae","spawner","common","uncommon","branching_closed","exposed","tables_or_plates",0.21,202413,22.3333333333333,1.5,401.34,4.461,8.5,223.31,1.6,0.8,46.8078270728291,850.492428591798,59.42921586,380,4.97750000000001
"47","Acropora monticulosa","digitate","uncommon","Acroporidae","Acroporidae","spawner","uncommon","common","corymbose","exposed","corymbose",0.291,207507,13.3333333333333,1,350,7.12788666666666,61.0613333333334,9,1.2,0.6,26.0109703641457,816.749933757518,31.2591543756,380,4.97750000000001
"48","Acropora muricata",NA,NA,NA,"Acroporidae",NA,"common","uncommon","encrusting","exposed","arborescent",1.495,235930,39.6666666666667,10,388.5,7.52730333333333,4.1,100,1.5,0.8,22,901.106170843217,34.1348495092,380,4.97750000000001
"49","Acropora nana","branching_closed","uncommon","Acroporidae","Acroporidae","spawner","common","uncommon","tables_or_plates","exposed","corymbose",0.358,190737,14,1,339,7.036,53.4666666666667,24,1.2,0.6,35.4778095308123,850.492428591798,27.95117054,380,4.97750000000001
"50","Acropora nasuta","corymbose","common","Acroporidae","Acroporidae","spawner","common","uncommon","branching_open","broad","arborescent_tables",0.225,241157,24.5,10,341,4.52384333333334,164.906,633.333333333333,0.9,0.7,8.36666666666667,681.7799544204,26.9351067596,380,4.97750000000001
"51","Acropora nasuta",NA,NA,NA,NA,NA,NA,NA,NA,NA,NA,NA,189745.56,30.1358333333333,2.67833333333333,360.205,4.966,36.7626666666667,194.04,6.78000000000001,2.257,32.04262214986,875.799299717507,40.2356497496,380,4.97750000000001
"52","Acropora palmerae","encrusting","uncommon","Acroporidae","Acroporidae","spawner","common","uncommon","corymbose","exposed","corymbose",0.477,194910,11.3333333333333,1.5,394.918333333333,5.11826,143.159666666667,500,1.8,0.8,10.3494608403361,673.34433071183,36.1756699972,380,4.97750000000001
"53","Acropora paniculata","tables_or_plates","uncommon","Acroporidae","Acroporidae",NA,"common","uncommon","branching_open","protected","corymbose",0.208,176835,16.75,1,403.603333333333,5.24805,147.891,500,2,1,8.20676406862744,673.34433071183,34.8738771296,380,4.97750000000001
"54","Acropora papillare","branching_open","uncommon","Acroporidae","Acroporidae",NA,NA,"uncommon","digitate","exposed","corymbose",0.122,85887,8.83333333333333,0.5,337.28,7.51309666666666,63.8850000000001,137.033333333333,1.2,0.3,29.750266582633,867.363676008937,31.709989528,380,4.97750000000001
"55","Acropora plumosa","tables_or_plates","uncommon","Acroporidae","Acroporidae",NA,NA,"common","branching_open","exposed","tables_or_plates",0.102,87501,15,5,431.7,6.863,78.1046666666667,102.67,0.9,0.5,58.812461582633,892.670547134647,28.7916233396,380,4.97750000000001
"56","Acropora polystoma","corymbose","uncommon","Acroporidae","Acroporidae","spawner","common","common","digitate","broad","tables_or_plates",0.065,208524,20.6666666666667,3,400,7.18081,62.4146666666667,50,1.1,0.5,44.0745286344538,884.234923426077,34.0414658648,380,4.97750000000001
"57","Acropora pulchra","branching_open","uncommon","Acroporidae","Acroporidae","spawner","common","common","corymbose","broad","corymbose",0.294,215209,25,2,116,6.25604666666667,68.1100000000001,100,0.8,0.3,17.8,816.749933757518,32.5609472432,380,4.97750000000001
"58","Acropora retusa","digitate","uncommon","Acroporidae","Acroporidae","spawner",NA,"common","branching_closed","exposed","hispidose",0.433,140741,35,5,418.885,7.79726166666666,38.4336666666666,108.283333333333,1.1,0.5,62.7109664845938,1019.20490276319,30.1787583168,380,4.97750000000001
"59","Acropora robusta","branching_open","common","Acroporidae","Acroporidae","spawner","common","uncommon","corymbose","exposed","hispidose",0.343,235149,35,5,298.065,5.17177166666667,39.0713333333333,215.88,1.1,0.8,12.325,875.799299717507,31.2325663904,380,4.97750000000001
"60","Acropora samoensis","digitate","common","Acroporidae","Acroporidae","spawner","uncommon","rare","tables_or_plates","broad","corymbose",0.082,235425,51.6666666666667,12,383.755,6.57482333333334,140.260333333333,500,0.8,0.3,16.4975861904762,698.65120183754,24.416863134,380,4.97750000000001
"61","Acropora sarmentosa","corymbose","common","Acroporidae","Acroporidae","spawner","uncommon","uncommon","corymbose","protected","tables_or_plates",0.066,189782,11,2,340.84,6.93836666666666,52.1406666666667,15,1.2,0.8,34.5117380112045,833.621181174658,35.4712718968,380,4.97750000000001
"62","Acropora secale","branching_closed","common","Acroporidae","Acroporidae","spawner","rare","uncommon","tables_or_plates","broad","corymbose",0.208,222626,29.55,10,304.216666666667,5.59556666666667,64.4020000000001,100,0.8,0.6,22.4118220378151,867.363676008938,29.8720193984,380,4.97750000000001
"63","Acropora selago","corymbose","uncommon","Acroporidae","Acroporidae","spawner","uncommon","rare","branching_closed","broad","arborescent",0.123,220450,32.5,5,366.12,6.98802666666666,28.2843333333333,100,1.2,0.8,38.5285571428572,917.977418260357,33.7693564664,380,4.97750000000001
"64","Acropora solitaryensis","tables_or_plates","rare","Acroporidae","Acroporidae","spawner","uncommon","uncommon","hispidose","protected","arborescent_tables",0.26,183612,27.5,5,439.95,11.5398,29.3296666666666,200,1.3,1,127.5,1019.20490276319,34.0414658648,380,4.97750000000001
"65","Acropora spathulata",NA,NA,NA,NA,NA,NA,NA,NA,NA,NA,NA,181199.5,35.2016666666667,4.69833333333333,395.415,2.521,42.777,171.603333333333,58.215,8.18699999999999,64.6830057913165,934.848665677496,37.2319414516,380,4.97750000000001
"66","Acropora speciosa","corymbose","uncommon","Acroporidae","Acroporidae",NA,NA,"uncommon","corymbose","protected","corymbose",0.097,132262,18.3333333333333,4.5,499.21,8.38990666666666,75.7216666666667,100,0.9,0.5,62.9,943.284289386066,28.1193913784,380,4.97750000000001
"67","Acropora spicifera","tables_or_plates","uncommon","Acroporidae","Acroporidae","spawner",NA,"uncommon","corymbose","exposed","arborescent",0.227,155229,31,1,622,10.3447633333333,45.074,79.62,1.1,0.8,42.9,960.155536803206,33.497247068,380,4.97750000000001
"68","Acropora striata","branching_closed","rare","Acroporidae","Acroporidae","spawner",NA,"uncommon","branching_closed","protected","arborescent",0.184,119908,38.3333333333333,5,420.41,8.37534666666666,32.7316666666666,101.086666666667,1.2,0.8,63.6951131442577,1019.20490276319,31.208441786,380,4.97750000000001
"69","Acropora subglabra","hispidose","uncommon","Acroporidae","Acroporidae",NA,"uncommon","common","branching_open","protected","cuneiform",0.306,189616,32,1.66666666666667,323.02,5.88986,36.4263333333333,188.836666666667,3.7,2.4,26.7822588235294,875.799299717507,42.081661414,380,4.97750000000001
"70","Acropora subulata","tables_or_plates","common","Acroporidae","Acroporidae","spawner","rare","common","corymbose","broad","arborescent",0.283,220366,22,2,324.835,5.64097,38.893,150,6.6,2,28.7087662184874,842.056804883228,39.792856132,380,4.97750000000001
"71","Acropora suharsonoi","corymbose","uncommon","Acroporidae","Acroporidae",NA,NA,"common","corymbose","exposed","arborescent_tables",0.04,9046,20.5,5,403.26,6.99166666666666,55.3983333333333,116.483333333333,3.4,2,55.6663319887955,875.799299717507,37.181228862,380,4.97750000000001
"72","Acropora tenuis","corymbose","uncommon","Acroporidae","Acroporidae","spawner","rare","common","branching_closed","exposed","corymbose",0.219,239811,35,5,337.25,4.94640166666667,32.1376666666666,188.95,1.5,0.7,23.3848260714286,875.799299717507,34.3723293876,380,4.97750000000001
"73","Acropora tortuosa","branching_closed","uncommon","Acroporidae","Acroporidae","spawner","uncommon","uncommon","columnar","protected","arborescent_tables",0.117,101322,30,3,313.94,8.48984666666666,68.1413333333334,91.9566666666667,0.5,0.2,29.5860064355743,909.541794551787,30.850990278,380,4.97750000000001
"74","Acropora valenciennesi","branching_open","common","Acroporidae","Acroporidae","spawner","uncommon","uncommon","columnar","protected","tables_or_plates",0.542,232515,30,1,338.078333333333,7.61932333333333,79.3616666666667,50,0.6,0.5,7.16,926.413041968927,28.4422133664,380,4.97750000000001
"75","Acropora valida","corymbose","common","Acroporidae","Acroporidae","spawner","uncommon","rare","submassive","exposed","arborescent",0.548,245545,35,3,575,5.62207166666667,156.400666666667,500,0.8,0.5,20.2166666666667,749.264944088959,20.69825182,380,4.97750000000001
"76","Acropora verweyi","corymbose","common","Acroporidae","Acroporidae",NA,"common","uncommon","columnar","protected","arborescent",0.054,206250,25,2,287.74,5.6975,38.7343333333333,147.7,2.3,1.8,23.8619303711484,842.056804883228,42.260387168,380,4.97750000000001
"77","Acropora yongei","branching_closed","common","Acroporidae","Acroporidae","spawner","rare","uncommon","branching_closed","broad","hispidose",0.324,187258,20,8,428.05,5.335654,44.743,125,1.6,1.4,79.1929411764706,892.670547134647,37.5893929596,380,4.97750000000001
"78","Alveopora allingi","columnar","uncommon","Acroporidae","Poritidae",NA,"common","rare","branching_closed","protected",NA,0.01,226664,20,5,342.015,4.56648666666667,47.3643333333333,185.45,1.6,1.3,28.175973767507,858.928052300368,40.5584717376,380,4.97750000000001
"79","Alveopora gigas","columnar","uncommon","Acroporidae","Poritidae","spawner","uncommon","uncommon","branching_closed","broad",NA,0.083,63022,15,5,424,6.64395666666667,55.1196666666667,125.443333333333,2.5,2.1,60.7989330182073,875.799299717507,36.3302711468,380,4.97750000000001
"80","Alveopora marionensis","submassive","rare","Acroporidae","Poritidae",NA,"common","rare","massive","broad",NA,0.01,164312,15,5,432.855,7.118764,55.0316666666667,110.586666666667,2.3,2.1,65.8008168417367,875.799299717507,34.4415884276,380,4.97750000000001
"81","Alveopora spongiosa","columnar","uncommon","Acroporidae","Poritidae",NA,"uncommon","uncommon","massive","broad",NA,0.016,235335,30,5,340.615,6.39154333333333,30.7906666666666,100,2.5,1.1,31.1364184663866,858.928052300368,35.393971322,380,4.97750000000001
"82","Anacropora forbesi","branching_closed","uncommon","Acroporidae","Acroporidae",NA,"uncommon","common","massive","broad",NA,0.307,191909,15,2,347.205,5.86513333333333,50.4133333333334,170.043333333333,13.9,7.8,38.1404257492997,816.749933757518,43.0260027736,380,4.97750000000001
"83","Anacropora matthai","branching_closed","rare","Acroporidae","Acroporidae",NA,"uncommon","rare","laminar","exposed",NA,0.068,124834,45,2,315.875,9.88700333333333,60.795,423.256666666667,25,15,25.5450569047619,808.314310048948,38.8911858272,380,4.97750000000001
"84","Anacropora puertogalerae","branching_closed","uncommon","Acroporidae","Acroporidae","spawner","common","common","massive","broad",NA,0.023,163179,30,5,463.135,9.44153066666666,37.4546666666666,77.3033333333333,11.9,8.1,58.7740068207283,1002.33365534605,33.1824666148,380,4.97750000000001
"85","Astreopora cucullata","massive","rare","Acroporidae","Acroporidae",NA,"common","rare","massive","broad",NA,0.054,188051,20,0,362.305,5.93750666666667,67.4456666666667,341.583333333333,6,3.5,14.7489130042017,673.34433071183,36.3463542164,380,4.97750000000001
"86","Astreopora gracilis","massive","uncommon","Acroporidae","Acroporidae","spawner","common","uncommon","branching_closed","protected",NA,0.058,201952,40,2,414,7.55410333333333,36.9006666666666,78.1066666666667,14.3,8.6,40.8191087044818,977.026784220345,37.2238999168,380,4.97750000000001
"87","Astreopora listeri","massive","common","Acroporidae","Acroporidae","spawner","uncommon","common","massive","protected",NA,0.047,213571,5,1,340,5.90124666666667,60.471,281.103333333333,6.1,2.6,16.8167983473389,698.65120183754,36.6611346696,380,4.97750000000001
"88","Astreopora moretonensis","laminar","rare","Acroporidae","Acroporidae",NA,"common","common","massive","protected",NA,0.03,73486,30,5,350.09,7.23702633333333,42.1053333333333,110.3,50,75,39.2327159943978,909.541794551787,36.143503858,380,4.97750000000001
"89","Astreopora myriophthalma","massive","common","Acroporidae","Acroporidae","spawner","common","common","massive","protected",NA,0.122,240635,30,10,307.505,5.74734233333334,84.2703333333334,361.513333333333,236,3.4,2.43239285714286,707.08682554611,28.994473698,380,4.97750000000001
"90","Astreopora ocellata","massive","rare","Acroporidae","Acroporidae",NA,"rare","rare","encrusting","protected",NA,0.079,193925,27.5,4.5,308.99,4.340489,38.933,170.97,284,1.4,38.9032418417367,875.799299717507,41.9456067148,380,4.97750000000001
"91","Caulastraea curvata",NA,NA,NA,"Faviidae",NA,"uncommon","common","columnar","protected",NA,0.01,169401,54,5.66666666666667,510.305,18.566524,28.2316666666666,100,81,1.6,77.7830729481792,985.462407928915,33.6679312872,380,4.97750000000001
"92","Caulastraea tumida",NA,NA,NA,"Faviidae",NA,"uncommon","common","massive","broad",NA,0.01,182154,67,1,473.995,8.48179666666666,39.2146666666666,100,4.5,1.5,60.0031057002801,968.591160511775,34.8843820452,380,4.97750000000001
"93","Coeloseris mayeri","massive","common","Agariciidae","Agariciidae",NA,"uncommon","common","massive","protected",NA,0.348,208830,20,3,312.51,5.93806,49.973,118.85,2.2,1.6,22.3433408683473,833.621181174658,38.4830217296,380,4.97750000000001
"94","Coscinaraea columna","massive","common","Coscinaraeidae","Siderastreidae","spawner","uncommon","common","massive","protected",NA,0.107,243523,73,18.3333333333333,403.425,6.57631000000001,143.113666666667,477.556666666667,2.8,1.4,12.654068697479,707.08682554611,29.173199452,380,4.97750000000001
"95","Coscinaraea crassa","encrusting","rare","Coscinaraeidae","Siderastreidae",NA,"common","rare","massive","protected",NA,0.08,153896,31.6666666666667,3,463.7,10.49335,31.0123333333333,65.1166666666667,1.9,7,67.9656807913165,1019.20490276319,33.6333017672,380,4.97750000000001
"96","Coscinaraea exesa","columnar","common","Coscinaraeidae","Siderastreidae",NA,"common","common","laminar","protected",NA,0.159,190246,20,0,355.08,5.54793333333334,55.3593333333333,234.966666666667,2.7,8.8,17.4347919397759,799.878686340379,39.758226612,380,4.97750000000001
"97","Coscinaraea monile","massive","common","Coscinaraeidae","Siderastreidae",NA,NA,"uncommon","massive","broad",NA,0.05,130299,50,2,467.09,11.3916233333333,41.0783333333333,76.6433333333333,2.4,6.708,43.6470577521009,977.026784220345,37.53868037,380,4.97750000000001
"98","Ctenactis crassa","massive","common","Fungiidae","Fungiidae","spawner","uncommon","common","massive","broad",NA,0.018,216507,20,5.13916666666667,462,5.259248,50.316,131.76,111,9.028,55.9375210504201,875.799299717507,32.782344052,380,4.97750000000001
"99","Ctenactis echinata","massive","common","Fungiidae","Fungiidae","spawner","uncommon","uncommon","submassive","exposed",NA,0.057,219215,24,2.75,328,6.1699,38.143,120.216666666667,9,1.394,28.6957681092437,867.363676008938,34.9777656896,380,4.97750000000001
"100","Cycloseris curvata","massive","rare","Fungiidae","Fungiidae",NA,"common","common","massive","broad",NA,0.013,201764,38.75,1,327.675,6.42076666666667,102.969,500,10.9,3.7,14.4600054761905,715.52244925468,35.1725745132,380,4.97750000000001
"101","Cycloseris explanulata","laminar","common","Fungiidae","Siderastreidae",NA,"uncommon","common","massive","broad",NA,0.007,214628,41,0,291.67,5.68141666666667,38.9773333333333,271.095238095238,12.9,2,23.3736257142857,808.314310048948,41.545484152,380,4.97750000000001
"102","Cyphastrea agassizi","massive","uncommon","Merulinidae","Faviidae",NA,"common","common","massive","protected",NA,0.015,177588,30,8.5,397.345,4.81194,29.4376666666666,191.09,5.7,2.3,69.2443477661064,934.848665677496,38.6190764288,380,4.97750000000001
"103","Cyphastrea chalcidicum","massive","common","Merulinidae","Faviidae","spawner","common","uncommon","massive","broad",NA,0.058,234776,57,5,810,11.3592706666667,39.1183333333333,50,4.2,6.1,58.8406413165265,1010.76927905462,29.63453952,380,4.97750000000001
"104","Cyphastrea japonica","submassive","uncommon","Merulinidae","Faviidae",NA,NA,"common","laminar","broad",NA,0.03,81378,40,3,455.02,10.63533,30.817,68.2433333333333,4.2,2.5,64.9710180462185,1002.33365534605,33.0464119156,380,4.97750000000001
"105","Cyphastrea microphthalma","massive","common","Merulinidae","Faviidae","spawner","common","uncommon","laminar","protected",NA,0.071,242521,30,1,241,6.37541333333334,118.961666666667,620.826666666667,2.4,20,11.0134078571429,673.34433071183,29.9388150576,380,4.97750000000001
"106","Cyphastrea serailia","massive","common","Merulinidae","Faviidae","spawner","common","common","encrusting","protected",NA,0.14,243460,35,0,360,6.105925,99.6490000000001,487.88,3.4,8,21,732.39369667182,29.6667056592,380,4.97750000000001
"107","Danafungia scruposa","massive","common","Fungiidae","Fungiidae","spawner","common","common","laminar","protected",NA,0.01,158498,40,3,472.85,12.6665633333333,22.2326666666666,60,8.9,2.655,73.9601164845938,985.462407928915,32.0086869116,380,4.97750000000001
"108","Diploastrea heliopora","massive","uncommon","Diploastraeidae","Faviidae","spawner","common","uncommon","submassive","broad",NA,0.248,226503,25,2,350,5.60543666666667,102.694333333333,533.333333333333,4.6,7.5,14.1366666666667,723.95807296325,34.82316454,380,4.97750000000001
"109","Echinophyllia aspera","laminar","common","Lobophyllidae","Pectiniidae","spawner","rare","uncommon","encrusting_long_uprights","protected",NA,0.051,242762,35,3,388.5,6.86617833333333,38.6993333333333,245.553333333333,25,7.5,30.6999426190476,808.314310048948,34.4496299624,380,4.97750000000001
"110","Echinophyllia echinata","laminar","uncommon","Lobophyllidae","Pectiniidae",NA,"uncommon","common","laminar","broad",NA,0.055,235717,15,1,298.21,6.8119,74.8276666666668,340.67,19,8,22.6359916666667,656.47308329469,32.2195788048,380,4.97750000000001
"111","Echinophyllia echinoporoides","encrusting","common","Lobophyllidae","Pectiniidae",NA,"common","common","encrusting_long_uprights","protected",NA,0.059,129870,15,1,391.91,8.00030466666666,119.413666666667,778.786666666667,30,13.2,17.516334047619,698.65120183754,34.82316454,380,4.97750000000001
"112","Echinopora gemmacea","laminar","common","Merulinidae","Faviidae","spawner","uncommon","common","laminar","broad",NA,0.218,240150,35,2,100,6.52033833333334,35.27,284.94,15,10.8,25.2242569047619,757.700567797529,34.679068306,380,4.97750000000001
"113","Echinopora hirsutissima","submassive","uncommon","Merulinidae","Faviidae",NA,"common","common","massive","broad",NA,0.083,209712,27.5,3,395.57,6.00615,36.6613333333333,156.49,12.5,3.3,45.0336391876751,909.541794551787,41.222662164,380,4.97750000000001
"114","Echinopora horrida","encrusting_long_uprights","uncommon","Merulinidae","Faviidae","spawner","common","common","massive","broad",NA,0.11,175980,30,2,424.79,9.20869666666666,42.717,50,18.8,3.8,49.1646400140056,1002.33365534605,37.8534608232,380,4.97750000000001
"115","Echinopora lamellosa","laminar","common","Merulinidae","Faviidae","spawner","common","uncommon","massive","protected",NA,0.515,241121,26.6666666666667,0,415,6.34985333333334,42.7373333333333,300,18.8,12.5,31.4117326190476,740.829320380389,32.2195788048,380,4.97750000000001
"116","Echinopora mammiformis","encrusting_long_uprights","common","Merulinidae","Faviidae",NA,"common","common","massive","broad",NA,0.362,175341,20,3,440.58,8.70633999999999,53.5413333333333,30,16.8,3.4,45.1345923319328,917.977418260356,34.6629852364,380,4.97750000000001
"117","Echinopora pacificus","laminar","common","Merulinidae","Faviidae","spawner","uncommon","common","massive","broad",NA,0.113,159858,27.5,5.5,491.245,10.3296406666667,32.4426666666666,73.3233333333333,5.2,5.8,72.0027557002801,985.462407928915,32.9103572164,380,4.97750000000001
"118","Euphyllia cristata","massive","common","Euphylliidae","Euphyllidae",NA,"common","uncommon","massive","broad",NA,0.01,181617,20,0,354.65,5.77858666666667,57.04,266.666666666667,8.5,4.7,21.9176869397759,749.264944088959,38.541775854,380,4.97750000000001
"119","Euphyllia glabrescens","massive","common","Euphylliidae","Euphyllidae","brooder","common","uncommon","massive","broad",NA,0.007,229243,55,3.5,438.165,10.0003966666667,27.6723333333333,89.8933333333333,17.5,1.4,43.0675759803921,1002.33365534606,33.7613149316,380,4.97750000000001
"120","Euphyllia paraancora","massive","uncommon","Euphylliidae","Euphyllidae","spawner",NA,"uncommon","massive","broad",NA,0.05,102545,20,1,324.545,7.93507566666666,60.0303333333334,287.493333333333,158,2.5,16.8012283543417,766.136191506099,37.0612572324,380,4.97750000000001
"121","Favites abdita","massive","common","Merulinidae","Faviidae","spawner","uncommon","uncommon","submassive","exposed",NA,0.281,242940,45,0,279,8.71704333333333,138.471666666667,1500,3.7,4,1.27,799.878686340379,29.709376714,380,4.97750000000001
"122","Favites chinensis","massive","common","Merulinidae","Faviidae","spawner","common","uncommon","submassive","broad",NA,0.071,228489,20,9,140,6.41079066666667,57.8523333333334,366.62,10.7,4.3,19.0132577521008,698.65120183754,34.142891044,380,4.97750000000001
"123","Favites complanata","massive","uncommon","Merulinidae","Faviidae","spawner","uncommon","uncommon","massive","broad",NA,0.048,240802,50,1.25,443,9.15716333333333,53.2226666666667,339.39,7.6,5,34.6325186904762,816.749933757518,31.1818538008,380,4.97750000000001
"124","Favites flexuosa","massive","uncommon","Merulinidae","Faviidae","spawner","common","common","massive","broad",NA,0.078,239267,35,5,348.84,6.724855,29.547,108.526666666667,5,3.5,35.6644482492997,858.928052300368,32.4675635988,380,4.97750000000001
"125","Favites halicora","massive","uncommon","Merulinidae","Faviidae","spawner","uncommon","common","submassive","protected",NA,0.133,225308,19.25,4.4975,545,5.51214,48.8643333333333,211.12,5,2.7,36.0437631512605,833.621181174658,34.142891044,380,4.97750000000001
"126","Favites micropentagonus",NA,NA,NA,"Faviidae",NA,NA,"common","massive","protected",NA,0.033,73434,20,0,379.115,8.02351666666666,53.09,300,7.5,3.2,19.595173697479,766.136191506099,38.184324346,380,4.97750000000001
"127","Favites pentagona","submassive","uncommon","Merulinidae","Faviidae","spawner","common","rare","encrusting","protected",NA,0.058,231329,25,0,328.295,5.91604333333334,126.463333333333,500,5.9,1.7,11.6397114285714,664.90870700326,30.8751148824,380,4.97750000000001
"128","Favites vasta","massive","uncommon","Merulinidae","Faviidae",NA,NA,"uncommon","massive","protected",NA,0.027,72578,30,1,291.915,8.08210666666666,42.709,260.71,15,2.4,25.252435,875.799299717507,41.9456067148,380,4.97750000000001
"129","Fungia fungites","massive","common","Fungiidae","Fungiidae","spawner","common","common","massive","broad",NA,0.077,236614,15,4.25,503.105,8.024418,51.2793333333333,45,6.5,5.09,62.9,951.719913094636,29.4638553008,380,4.97750000000001
"130","Galaxea astreata","submassive","common","Euphylliidae","Oculinidae","spawner","rare","uncommon","massive","broad",NA,0.035,229360,15,1,359.345,5.62531333333334,131.397333333333,600,3.7,1.5,11.60568,681.7799544204,31.462004734,380,4.97750000000001
"131","Galaxea fascicularis","massive","common","Euphylliidae","Oculinidae","spawner","uncommon","uncommon","submassive","broad",NA,0.382,240028,35,2,420,6.85429833333334,31.3743333333333,100,4.7,2.2,24.7125045308123,858.928052300368,32.8757276964,380,4.97750000000001
"132","Galaxea longisepta","encrusting","rare","Euphylliidae","Oculinidae",NA,"uncommon","common","submassive","broad",NA,0.087,130240,14,3,403.92,8.14270666666666,52.5436666666667,200,3.7,2.4,39.2405807703081,884.234923426077,39.8862397764,380,4.97750000000001
"133","Gardineroseris planulata","massive","uncommon","Agariciidae","Agariciidae","spawner","common","common","massive","exposed",NA,0.064,244599,15,5,389,5.58965333333334,87.0856666666668,277.316666666667,4.6,3,41.5,690.21557812897,30.1602118664,380,4.97750000000001
"134","Goniastrea edwardsi","massive","common","Merulinidae","Faviidae","spawner","uncommon","common","columnar","protected",NA,0.106,227122,39,1.25,568,7.04509333333334,137.870333333333,625,2.5,3.6,0.37,766.136191506099,28.5863096004,380,4.97750000000001
"135","Goniastrea favulus","massive","uncommon","Merulinidae","Faviidae","spawner","uncommon","common","columnar","protected",NA,0.072,195682,25,0.5,351.34,5.99912666666667,50,244.885238095238,2.4,5,24,774.571815214669,39.971581886,380,4.97750000000001
"136","Goniastrea minuta","submassive","uncommon","Merulinidae","Faviidae","spawner",NA,"uncommon","encrusting","protected",NA,0.027,111785,25,1,346.025,8.11544666666666,46.6856666666667,263.186666666667,3.1,4.7,18.4586873879552,842.056804883228,39.8355271868,380,4.97750000000001
"137","Goniastrea pectinata","submassive","common","Merulinidae","Faviidae","spawner","uncommon","common","columnar","protected",NA,0.093,236447,40,0.5,344.935,6.16279333333334,29.9226666666666,262.468571428571,4.8,1,17.6375382142857,791.443062631809,34.4150004424,380,4.97750000000001
"138","Goniastrea pectinata",NA,NA,NA,NA,NA,NA,NA,NA,NA,NA,NA,167108.126666667,40.542,3.795,472.42,14.074,38.6886666666666,68.3333333333333,10.366,7.065,50.3761769327731,985.462407928915,33.4038634236,380,4.97750000000001
"139","Goniastrea retiformis","massive","common","Merulinidae","Faviidae","spawner","uncommon","uncommon","encrusting","broad",NA,0.332,228657,45,3,707,45.818,4.1,80,7.2,2.5,80.6333333333333,1052.94739759747,27.95117054,380,4.97750000000001
"140","Goniastrea retiformis","massive","common","Merulinidae","Faviidae","spawner","uncommon","uncommon","encrusting","broad",NA,0.332,228657,45,3,707,4.966,4.1,80,7.2,2.5,80.6333333333333,985.462407928916,27.95117054,380,4.97750000000001
"141","Goniopora columna","columnar","common","Poritidae","Poritidae","spawner","common","uncommon","encrusting","protected",NA,0.196,231108,40,30,340.935,5.02422666666667,61.4313333333334,225.373333333333,8,1.8,17.4704458403361,816.749933757518,33.785439536,380,4.97750000000001
"142","Goniopora djiboutiensis","columnar","common","Poritidae","Poritidae","spawner","uncommon","common","massive","protected",NA,0.066,213416,25,1.5,329.995,5.12815666666667,41.1633333333333,296.793333333333,6.7,1.8,15.8525586904762,723.958072963249,39.4434461588,380,4.97750000000001
"143","Goniopora fruticosa","encrusting","uncommon","Poritidae","Poritidae",NA,"uncommon","common","massive","broad",NA,0.047,145600,42.5,5,473.13,9.44654333333333,26.7986666666666,85.28,1.6,2,72.9764449159664,1002.33365534605,33.0464119156,380,4.97750000000001
"144","Goniopora lobata","columnar","common","Poritidae","Poritidae","spawner","uncommon","common","submassive","protected",NA,0.023,229509,32.5,0,306,6.01767666666667,31.6986666666666,233.165238095238,1.4,1.8,18.9098189355742,901.106170843217,34.3135752632,380,4.97750000000001
"145","Goniopora minor","encrusting","common","Poritidae","Poritidae","spawner","uncommon","common","massive","protected",NA,0.055,234762,30,1,321.315,6.45138666666667,36.6566666666666,260.176666666667,2.8,5.4,16.8081788095238,791.443062631809,34.644438786,380,4.97750000000001
"146","Goniopora norfolkensis","encrusting","uncommon","Poritidae","Poritidae","spawner","common","uncommon","columnar","protected",NA,0.035,135963,40,1.5,313.5,8.33223666666666,37.3386666666666,173.27,4.2,3.5,35.9281669257703,926.413041968926,41.1799911092,380,4.97750000000001
"147","Goniopora somaliensis","encrusting","uncommon","Poritidae","Poritidae",NA,"uncommon","common","branching_closed","protected",NA,0.101,240374,25,2,374.845,7.40957666666666,39.077,50,4.1,2.6,36.9965788865546,892.670547134647,36.5597094904,380,4.97750000000001
"148","Goniopora tenuidens","massive","common","Poritidae","Poritidae","spawner","rare","common","branching_open","exposed",NA,0.028,228762,25.25,6,344.035,6.36468333333333,34.8246666666666,167.72,14.4045833333333,4.178,40.7435368137255,901.106170843217,37.181228862,380,4.97750000000001
"149","Halomitra pileus","massive","common","Fungiidae","Fungiidae","spawner","common","common","branching_open","broad",NA,0.034,195747,20,0,322.755,5.57984666666667,70.4406666666667,333.333333333333,10,1.4,18.596091442577,673.34433071183,36.1676284624,380,4.97750000000001
"150","Hydnophora exesa","submassive","common","Merulinidae","Merulinidae","spawner","common","rare","encrusting","broad",NA,0.106,233703,20,0,261,7.83114333333333,51.991,50,9.2,1.6,26.3661427380952,850.492428591798,33.7347269464,380,4.97750000000001
"151","Hydnophora microconos","massive","common","Merulinidae","Merulinidae","spawner","common","uncommon","encrusting","protected",NA,0.112,239622,20,0.75,332.3,5.83834333333334,95.1573333333334,340.64,6.3,1.9,7.75,673.34433071183,27.74339342,380,4.97750000000001
"152","Hydnophora pilosa","columnar","uncommon","Merulinidae","Merulinidae","spawner","rare","uncommon","massive","broad",NA,0.152,167600,40,1.33333333333333,395,9.07127333333333,42.493,74.7633333333333,3.5,3.8,33.5049047829132,926.413041968926,38.7978021828,380,4.97750000000001
"153","Hydnophora rigida","branching_closed","common","Merulinidae","Merulinidae","spawner","rare","common","encrusting","broad",NA,0.138,206824,23,2,325.405,5.14356666666667,78.4676666666667,300.736666666666,4,2.3,2.43239285714286,690.21557812897,39.0006525412,380,4.97750000000001
"154","Isopora brueggemanni","branching_open","common","Acroporidae","Acroporidae","brooder","uncommon","common","encrusting","broad","corymbose",0.979,195777,30,1,368.291666666667,5.19775,95.2923333333334,398.866666666667,2.5,2.3,0.8,715.52244925468,34.7378224304,380,4.97750000000001
"155","Isopora palifera","branching_open","common","Acroporidae","Acroporidae","brooder","uncommon","common","encrusting","broad","corymbose",1.834,208071,20,14.5,482,4.81603066666667,156.959333333333,515.91,3.2,25,22.765483732493,479.324985414723,31.1979368704,380,4.97750000000001
"156","Leptastrea aequalis","encrusting","rare","Fungiidae","Faviidae",NA,NA,"uncommon","encrusting","exposed",NA,0.027,80315,18.3333333333333,10,453.425,7.648824,56.1783333333333,100,4.4,16.5,58.8881569257703,867.363676008937,35.071149334,380,4.97750000000001
"157","Leptastrea bewickensis","encrusting","uncommon","Fungiidae","Faviidae",NA,"uncommon","common","massive","broad",NA,0.47,184820,45,33.6666666666667,523.34,9.531444,73.3183333333334,24,6.3,14.1,56.4868053011204,884.234923426077,31.6085643488,380,4.97750000000001
"158","Leptastrea inaequalis","massive","uncommon","Fungiidae","Faviidae",NA,"uncommon","common","laminar","protected",NA,0.046,201101,70,18,384.17,6.97787333333334,65.3020000000001,119.853333333333,3.7,1.9,32.5474825630252,833.621181174658,36.7303937096,380,4.97750000000001
"159","Leptastrea pruinosa","encrusting","common","Fungiidae","Faviidae",NA,"common","uncommon","laminar","protected",NA,0.063,220620,107,14,474.39,8.45573666666666,64.0390000000001,102.9,5.1,3.8,32.618074789916,917.977418260357,31.1150581416,380,4.97750000000001
"160","Leptastrea purpurea","encrusting","common","Fungiidae","Faviidae","spawner","common","uncommon","encrusting","protected",NA,0.088,246753,60,13,433.031666666667,6.70312233333334,171.112666666667,500,42.5,1.8,8.9,707.08682554611,26.7910105256,380,4.97750000000001
"161","Leptastrea transversa","encrusting","common","Fungiidae","Faviidae",NA,"common","common","laminar","protected",NA,0.108,244098,81,1,375.395,8.13704466666667,39.7516666666666,309.726666666667,30,0.7,33.3182803571429,808.314310048948,33.3346043836,380,4.97750000000001
"162","Leptoria irregularis","encrusting","uncommon","Merulinidae","Faviidae",NA,"uncommon","uncommon","encrusting","protected",NA,0.01,117269,62,1,480.71,12.52074,40.2726666666666,12,26.8,0.6,68.3254049019607,968.591160511775,32.7743025172,380,4.97750000000001
"163","Leptoria phrygia","massive","common","Merulinidae","Faviidae","spawner","common","uncommon","laminar","protected",NA,0.269,239416,20,1.5,249,5.63259733333334,64.203,307.146666666666,32.6,1,23.5570186904762,681.7799544204,32.857181246,380,4.97750000000001
"164","Leptoseris explanata","laminar","common","Agariciidae","Agariciidae","spawner","uncommon","uncommon","encrusting","broad",NA,0.023,225641,10,0.666666666666667,334.605,5.31340666666667,53.4126666666667,295.35,2.6,0.9,16.6063788165266,723.95807296325,34.82316454,380,4.97750000000001
"165","Leptoseris gardineri","laminar","uncommon","Agariciidae","Agariciidae",NA,"common","uncommon","massive","broad",NA,0.02,186987,30,3,445.685,7.25483666666666,36.912,100,6.2,0.7,65.1598464775911,1002.33365534605,32.8676861616,380,4.97750000000001
"166","Leptoseris hawaiiensis","encrusting","uncommon","Agariciidae","Agariciidae",NA,"common","common","massive","protected",NA,0.043,239434,36.6666666666667,2,352.315,5.37115833333334,30.09,267.736666666667,3.5,0.7,17.399011547619,808.314310048948,35.4100543916,380,4.97750000000001
"167","Leptoseris mycetoseroides","laminar","common","Agariciidae","Agariciidae",NA,"common","common","massive","exposed",NA,0.03,245294,30,4.5,438.175,4.59147666666667,86.9943333333334,166.666666666667,0.9,0.7,40.362104894958,892.670547134647,27.1565035684,380,4.97750000000001
"168","Leptoseris scabra","encrusting","uncommon","Agariciidae","Agariciidae",NA,"uncommon","uncommon","massive","protected",NA,0.021,237739,37.5,1,350.721666666667,5.646965,52.724,250.633333333333,0.8,0.8,17.2212935714286,799.878686340379,31.0111695816,380,4.97750000000001
"169","Leptoseris yabei","laminar","uncommon","Agariciidae","Agariciidae",NA,"common","uncommon","digitate","broad",NA,0.035,210873,35,1,320.59,7.31913833333333,46.2346666666667,15,1.3,0.6,29.1268444047619,943.284289386066,32.5529057084,380,4.97750000000001
"170","Lithophyllon undulatum","encrusting","uncommon","Fungiidae","Fungiidae",NA,NA,"common","laminar","broad",NA,0.027,109712,40,1,396.075,8.86124333333333,57.2303333333334,100,0.1,0.6,37.1727416666667,934.848665677496,32.3741799544,380,4.97750000000001
"171","Lobophyllia diminuta","massive","uncommon","Lobophyllidae","Mussidae",NA,"common","common","laminar","exposed",NA,0.02,192284,21,1,344.79,5.44928666666667,76.6236666666667,203.65,1.2,1.028,10.1042697759104,791.443062631809,35.4020128568,380,4.97750000000001
"172","Lobophyllia hataii","massive","common","Lobophyllidae","Mussidae",NA,"uncommon","common","laminar","broad",NA,0.1,218438,10,2,326.2,5.57248666666667,65.5946666666667,151.406666666667,0.9,0.9,27.2917708403361,850.492428591798,36.61042208,380,4.97750000000001
"173","Lobophyllia hemprichii","massive","common","Lobophyllidae","Mussidae","spawner","uncommon","uncommon","branching_open","protected",NA,0.174,237607,20,2,341,7.16674333333333,66.9390000000001,60,1,0.5,14.8400156022409,833.621181174658,27.7273103504,380,4.97750000000001
"174","Lobophyllia pachysepta","massive","uncommon","Lobophyllidae","Mussidae","spawner","common","rare","branching_closed","protected",NA,0.037,189077,30,0,287.625,6.23198666666667,53.594,100,1,0.8,25.5171266666667,867.363676008938,34.1694790292,380,4.97750000000001
"175","Madracis kirbyi","digitate","uncommon","Pocilloporidae","Astrocoeniidae",NA,"uncommon","rare","columnar","exposed",NA,0.03,183630,20,1,354.995,6.68674666666666,74.26,20,0.7,0.6,25.6146650140056,783.007438923239,29.957361508,380,4.97750000000001
"176","Merulina ampliata","laminar","common","Merulinidae","Merulinidae","spawner","common","uncommon","encrusting_long_uprights","protected",NA,0.138,236149,20,23,387.666666666667,4.41366333333334,159.315,447.84,0.8,0.4,7.4,639.60183587755,23.8887274068,380,4.97750000000001
"177","Merulina scabricula","laminar","common","Merulinidae","Merulinidae",NA,"common","uncommon","digitate","broad",NA,0.278,205282,20,1,349.96,5.30374666666667,55.939,264.92,1.5,0.5,16.5858115616246,766.136191506099,37.0692987672,380,4.97750000000001
"178","Montipora aequituberculata","laminar","common","Acroporidae","Acroporidae","spawner","common","uncommon","massive","broad",NA,0.173,240867,45,2,441,7.97578333333333,40.568,141.463333333333,1.4,0.6,40.8783554901961,985.462407928915,30.4081966604,380,4.97750000000001
"179","Montipora altasepta","branching_open","uncommon","Acroporidae","Acroporidae","spawner",NA,"uncommon","encrusting_long_uprights","protected",NA,1.36,136360,30,1,441.16,8.32382666666666,66.7450000000001,100.353333333333,0.6,2.1,48.0889270028011,943.284289386066,31.6246474184,380,4.97750000000001
"180","Montipora angulata","branching_closed","rare","Acroporidae","Acroporidae",NA,"common","uncommon","encrusting_long_uprights","broad",NA,0.165,191685,20,0,325.88,5.43836666666667,76.352,259.98,0.9,0.8,12.4351625070028,732.39369667182,34.5510551416,380,4.97750000000001
"181","Montipora australiensis","columnar","rare","Acroporidae","Acroporidae",NA,"uncommon","uncommon","digitate","broad",NA,0.257,180964,20,2,322.625,5.20657666666667,69.957,225.226666666667,1.2,0.4,11.4699752591036,791.443062631809,33.7427684812,380,4.97750000000001
"182","Montipora cactus","encrusting_long_uprights","uncommon","Acroporidae","Acroporidae","spawner",NA,"uncommon","laminar","broad",NA,1.81,74622,50,0,440.82,10.0395266666667,58.7293333333334,118.053333333333,0.8,0.9,56.4174694257703,993.898031637485,31.8806737472,380,4.97750000000001
"183","Montipora calcarea","digitate","uncommon","Acroporidae","Acroporidae",NA,NA,"common","laminar","broad",NA,0.03,92531,15,1,391.49,7.63332666666666,76.0926666666667,139.456666666667,0.9,0.5,38.0917033473389,850.492428591798,31.3098669652,380,4.97750000000001
"184","Montipora caliculata","massive","uncommon","Acroporidae","Acroporidae",NA,"uncommon","uncommon","laminar","exposed",NA,0.161,190326,5,2,325.325,6.03197666666667,62.0363333333334,104.886666666667,0.9,0.8,24.2523256162465,825.185557466088,35.9728196388,380,4.97750000000001
"185","Montipora capitata","encrusting_long_uprights","uncommon","Acroporidae","Acroporidae","spawner","uncommon","common","branching_open","broad",NA,0.124,133837,20,1,417.01,7.22721,112,439,2.9,1,1.27,673.34433071183,33.6147553168,380,4.97750000000001
"186","Montipora confusa","encrusting_long_uprights","uncommon","Acroporidae","Acroporidae",NA,"uncommon","uncommon","massive","exposed",NA,0.204,110455,20,0,460.39,8.18960666666666,58.296,100,1.2,1.2,54.528014754902,943.284289386066,32.1101120908,380,4.97750000000001
"187","Montipora corbettensis","digitate","uncommon","Acroporidae","Acroporidae",NA,"common","uncommon","laminar","broad",NA,0.054,155975,35,1,355.385,8.16813833333333,60.336,90.8933333333333,0.5,0.6,27.6256311904762,934.848665677496,31.0723870868,380,4.97750000000001
"188","Montipora crassituberculata","laminar","uncommon","Acroporidae","Acroporidae","spawner","common","uncommon","submassive","exposed",NA,0.157,195428,41,3,339.96,7.03241666666666,38.037,79.8433333333333,1.4,0.7,30.9455129901961,892.670547134647,32.5955767632,380,4.97750000000001
"189","Montipora danae","laminar","common","Acroporidae","Acroporidae","spawner","common","common","laminar","protected",NA,0.093,223473,25,0,374.18,6.94241333333334,58.7523333333334,110.276666666667,0.6,4.5,26.9196365546218,858.928052300368,32.4675635988,380,4.97750000000001
"190","Montipora delicatula","laminar","uncommon","Acroporidae","Acroporidae",NA,NA,"uncommon","massive","broad",NA,0.584,69375,20,1,387.495,7.51158666666666,57.1400000000001,129.946666666667,1.1,0.7,31.4209223179272,884.234923426077,35.1218619236,380,4.97750000000001
"191","Montipora digitata","branching_open","common","Acroporidae","Acroporidae","spawner","uncommon","common","massive","exposed",NA,0.611,226343,15,1,507,6.3116,38.5553333333333,177.883333333333,1.4,0.8,127.5,892.670547134647,33.9134527004,380,4.97750000000001
"192","Montipora efflorescens","massive","uncommon","Acroporidae","Acroporidae","spawner","common","common","branching_open","broad",NA,0.174,240476,30,2,329.1,5.75534666666667,35.2493333333333,211.836666666667,1.3,0.7,17.3565546428571,875.799299717507,31.8621272968,380,4.97750000000001
"193","Montipora florida","laminar","uncommon","Acroporidae","Acroporidae",NA,NA,"common","encrusting_long_uprights","protected",NA,0.211,69399,20,1,363.49,7.65203666666666,71.9143333333334,129.076666666667,0.7,0.5,26.6134480112045,850.492428591798,31.35253802,380,4.97750000000001
"194","Montipora floweri","submassive","uncommon","Acroporidae","Acroporidae",NA,"common","uncommon","laminar","protected",NA,0.137,219963,40,1.5,299.11,5.65379333333334,50.764,157.4,0.9,0.9,21.5902866666667,892.670547134647,38.0482696468,380,4.97750000000001
"195","Montipora foliosa","laminar","common","Acroporidae","Acroporidae","spawner","common","common","encrusting","broad",NA,0.933,237787,30,0,389,5.67308666666667,36.9493333333333,262.356666666667,8,0.7,59.725,850.492428591798,33.3426459184,380,4.97750000000001
"196","Montipora foveolata","massive","uncommon","Acroporidae","Acroporidae","spawner","common","uncommon","encrusting","exposed",NA,0.132,205723,15,7,387.99,4.82238333333333,57.4493333333334,105.963333333333,1.1,0.6,57.9375809383753,892.670547134647,33.1905081496,380,4.97750000000001
"197","Montipora grisea","massive","common","Acroporidae","Acroporidae","spawner","uncommon","common","massive","exposed",NA,0.668,201174,15,10,361.471666666667,4.87280666666667,57.0023333333334,149.533333333333,1.3,0.6,32.2789037184874,791.443062631809,34.0068363448,380,4.97750000000001
"198","Montipora hirsuta","branching_open","common","Acroporidae","Acroporidae",NA,NA,"uncommon","digitate","exposed",NA,0.168,71419,50,1,495.6,10.6046066666667,60.4193333333334,80.1933333333333,0.9,0.8,57.4157621638655,977.026784220345,31.38716754,380,4.97750000000001
"199","Montipora hispida","encrusting_long_uprights","common","Acroporidae","Acroporidae","spawner","uncommon","common","encrusting","exposed",NA,0.349,216088,47.5,1,370.18,7.80289666666667,56.802,134.076666666667,0.7,0.8,28.4157625140056,934.848665677496,35.1138203888,380,4.97750000000001
"200","Montipora hodgsoni","laminar","uncommon","Acroporidae","Acroporidae",NA,NA,"common","encrusting","protected",NA,0.241,89985,40,1,451.695,9.48343666666666,42.5436666666666,80.2233333333333,1.2,1.2,62.9166019607843,1002.33365534606,31.208441786,380,4.97750000000001
"201","Montipora hoffmeisteri","encrusting","common","Acroporidae","Acroporidae","spawner","common","common","laminar","exposed",NA,0.151,191778,30,0,313.51,5.53856666666667,52.8143333333333,226.03,0.9,0.8,22.3430685714286,867.363676008938,38.720501608,380,4.97750000000001
"202","Montipora incrassata","encrusting","uncommon","Acroporidae","Acroporidae",NA,"common","uncommon","massive","broad",NA,0.017,179338,30,1,302.58,5.32306666666667,62.763,216.15,0.9,0.5,20.4123295378151,867.363676008938,33.0624949852,380,4.97750000000001
"203","Montipora informis","massive","common","Acroporidae","Acroporidae","spawner","uncommon","uncommon","submassive","broad",NA,0.45,237515,15,0.5,365.45,6.45162,72.6293333333334,270.66,1,7.5,29.4754667857143,715.52244925468,29.7947188236,380,4.97750000000001
"204","Montipora malampaya","digitate","uncommon","Acroporidae","Acroporidae","spawner",NA,"uncommon","branching_open","protected",NA,1.488,71399,22.5,0,475.685,8.29945,62.5873333333333,169.23,1,3.8,62.2558411554622,917.977418260356,32.6623724224,380,4.97750000000001
"205","Montipora meandrina","encrusting","common","Acroporidae","Acroporidae",NA,NA,"common","encrusting","exposed",NA,0.025,71341,30,0.75,490.97,10.6653866666667,48.062,50,1.2,3.8,62.0786843137255,985.462407928915,31.208441786,380,4.97750000000001
"206","Montipora millepora","encrusting","common","Acroporidae","Acroporidae",NA,"uncommon","common","encrusting","broad",NA,0.038,225240,20,0,331.645,5.84358333333334,48.7,281.083333333333,1.8,12.8,17.919851197479,715.52244925468,34.5083840868,380,4.97750000000001
"207","Montipora monasteriata","laminar","common","Acroporidae","Acroporidae","spawner","uncommon","common","digitate","protected",NA,0.783,228983,32.5,2,444.95,7.58389,32.7223333333333,124.046666666667,1.4,7,45.8444162254902,1027.64052647176,33.2331792044,380,4.97750000000001
"208","Montipora nodosa","massive","uncommon","Acroporidae","Acroporidae",NA,"uncommon","common","massive","broad",NA,0.227,206726,30,1,361.91,6.34748666666667,62.9736666666667,131.603333333333,0.7,5,29.0682157563025,867.363676008938,35.3859297872,380,4.97750000000001
"209","Montipora peltiformis","submassive","uncommon","Acroporidae","Acroporidae","spawner","uncommon","common","massive","broad",NA,0.334,210399,30,1,293.52,5.62594333333334,56.0683333333334,345.036666666667,10,6.1,23.4882208333333,757.700567797529,41.00930689,380,4.97750000000001
"210","Montipora samarensis","branching_open","uncommon","Acroporidae","Acroporidae","spawner","common","uncommon","laminar","exposed",NA,0.148,129905,30,1,347.395,7.41874666666666,40.855,142.466666666667,7.2,2.2,27.4766069187675,926.413041968926,40.7291559568,380,4.97750000000001
"211","Montipora spongodes","encrusting","common","Acroporidae","Acroporidae",NA,"common","uncommon","massive","broad",NA,0.243,207121,37.5,3,441.49,8.255205,27.788,87.4466666666667,7.2,2.4,42.8692918207283,977.026784220345,34.5269305372,380,4.97750000000001
"212","Montipora spumosa","encrusting","common","Acroporidae","Acroporidae","spawner","common","uncommon","laminar","exposed",NA,0.279,231970,15,1,324.045,5.99520333333334,69.6446666666667,319.11,17.4,1.9,27.1476508333333,656.47308329469,31.6834015428,380,4.97750000000001
"213","Montipora stellata","digitate","common","Acroporidae","Acroporidae","spawner","common","uncommon","digitate","broad",NA,0.361,173520,45,2,428.96,11.46957,34.044,67.8033333333333,11.6,1,43.8072091946779,977.026784220345,38.074857632,380,4.97750000000001
"214","Montipora tuberculosa","massive","common","Acroporidae","Acroporidae","spawner","uncommon","common","laminar","protected",NA,1.225,244079,30,3,371.5,6.06428666666667,33.9756666666666,169.19,7.5,1.7,28.7692682212885,858.928052300368,35.4446839116,380,4.97750000000001
"215","Montipora turgescens","massive","common","Acroporidae","Acroporidae","spawner","uncommon","uncommon","laminar","protected",NA,0.169,237810,40,3,378.46,7.86044333333333,27.2646666666666,94.1933333333333,8.8,1.9,34.1862688305322,926.413041968926,32.961069806,380,4.97750000000001
"216","Montipora undata","laminar","uncommon","Acroporidae","Acroporidae",NA,"uncommon","common","laminar","protected",NA,0.084,207589,40,4,329.595,5.61306333333334,76.4843333333334,270.296666666667,4.8,2.3,2.43239285714286,799.878686340379,37.3679961508,380,4.97750000000001
"217","Montipora venosa","massive","uncommon","Acroporidae","Acroporidae","spawner","common","uncommon","massive","exposed",NA,0.15,241900,30,22.5,314.525,5.84804333333334,119.695,445.316666666667,4.6,2.9,9.59731654761904,707.08682554611,28.815747944,380,4.97750000000001
"218","Montipora verrucosa","laminar","uncommon","Acroporidae","Acroporidae","spawner","common","uncommon","massive","broad",NA,0.096,244963,20,3,448.623333333333,5.51262666666667,187.746666666667,509.366666666667,3.1,1.9,2,698.65120183754,26.9351067596,380,4.97750000000001
"219","Montipora vietnamensis","digitate","uncommon","Acroporidae","Acroporidae",NA,NA,"common","laminar","protected",NA,0.256,76237,56,2,508.255,12.2878866666667,41.283,66.9766666666667,1.4,4.7,61.7279303921568,1002.33365534605,32.7316314624,380,4.97750000000001
"220","Mycedium elephantotus","laminar","common","Merulinidae","Pectiniidae","spawner","common","common","laminar","protected",NA,0.121,235384,20,2,500,6.71436333333333,57.062,150,3.4,5.2,39.8642133053221,791.443062631809,33.8361521256,380,4.97750000000001
"221","Mycedium mancaoi","laminar","uncommon","Merulinidae","Pectiniidae",NA,"common","common","laminar","broad",NA,0.11,168305,35.9011666666667,3.46083333333333,392.61,9.05209833333333,38.0246666666666,98.9433333333333,3.5,27.5,40.5847581232493,943.284289386066,36.2795585572,380,4.97750000000001
"222","Mycedium robokaki","laminar","common","Merulinidae","Pectiniidae",NA,NA,"common","laminar","broad",NA,0.197,85149,33.7845,4.70416666666667,472.145,9.36747066666666,37.3576666666666,107.89,3,30,51.8533118277311,951.719913094636,34.1268079744,380,4.97750000000001
"223","Oulophyllia bennettae","massive","uncommon","Merulinidae","Faviidae","spawner","common","uncommon","submassive","broad",NA,0.1,194291,12.3333333333333,32.3333333333333,388.31,4.435744,79.8123333333334,181.436666666667,4.1,5.8,39.5824253921568,749.26494408896,43.2127700624,380,4.97750000000001
"224","Oulophyllia crispa","massive","uncommon","Merulinidae","Faviidae","spawner","uncommon","common","digitate","protected",NA,0.102,226214,22.5,1.33333333333333,475.21,8.10617666666666,34.6446666666666,30,3.3,8.1,71,943.284289386066,33.7693564664,380,4.97750000000001
"225","Oxypora glabra","laminar","common","Lobophyllidae","Pectiniidae","spawner","uncommon","common","columnar","exposed",NA,0.114,156508,44,2,429.55,10.7625633333333,41.17,71.3733333333333,9.3,4.7,44.8412775140056,977.026784220345,36.9091194636,380,4.97750000000001
"226","Oxypora lacera","laminar","common","Lobophyllidae","Pectiniidae","spawner","common","common","digitate","broad",NA,0.117,232046,55,6,414.05,7.49403,29.482,132.54,9.3,1.6,47.1966788795518,960.155536803206,35.964778104,380,4.97750000000001
"227","Pachyseris rugosa","laminar","common","Pachyseridae","Agariciidae","spawner","uncommon","common","laminar","broad",NA,0.218,219702,50,6,312.5,8.34891133333333,30.5193333333333,150,30,3.3,47.9409068417367,1002.33365534606,35.5566140064,380,4.97750000000001
"228","Pachyseris speciosa","laminar","common","Pachyseridae","Agariciidae","spawner","uncommon","common","columnar","exposed",NA,0.279,233426,11,4.5,241,7.51783566666666,48.3443333333333,50,35,2.8,38.7550394397759,867.363676008937,32.961069806,380,4.97750000000001
"229","Pavona bipartita","submassive","uncommon","Agariciidae","Agariciidae",NA,"common","uncommon","submassive","broad",NA,0.513,175125,17.5,1,379.32,5.78906666666667,117.52,1500,10,15,16.7445469187675,631.16621216898,34.465713032,380,4.97750000000001
"230","Pavona cactus","digitate","common","Agariciidae","Agariciidae","spawner","rare","common","encrusting","broad",NA,0.027,239950,22.5,0,348.99,7.01908,76.5766666666667,450,9.1,2.9,32.5,656.47308329469,30.9684985268,380,4.97750000000001
"231","Pavona clavus","columnar","common","Agariciidae","Agariciidae","spawner","uncommon","common","encrusting","broad",NA,0.072,236612,30,2,362.965,7.40185666666667,30.579,75,7.2,0.8,26,926.413041968926,36.7384352444,380,4.97750000000001
"232","Pavona decussata","digitate","common","Agariciidae","Agariciidae",NA,"common","common","encrusting","protected",NA,0.149,240383,30,0,388.5,5.38701333333334,46.8516666666667,333.333333333333,3.3,0.8,21.7609717857143,740.829320380389,34.5164256216,380,4.97750000000001
"233","Pavona explanulata","laminar","common","Agariciidae","Agariciidae",NA,"uncommon","common","laminar","protected",NA,0.09,242197,30,1,319.935,5.87199333333334,54.9986666666667,349.106666666666,6.7,0.6,19.33274,774.571815214669,29.3945962608,380,4.97750000000001
"234","Pavona maldivensis","columnar","common","Agariciidae","Agariciidae",NA,"common","common","massive","broad",NA,0.135,240836,30,2.5,313.748333333333,5.73357,78.9436666666667,300,4.7,0.3,9.41166666666667,749.26494408896,28.5009674908,380,4.97750000000001
"235","Pavona minuta","submassive","uncommon","Agariciidae","Agariciidae",NA,"common","uncommon","massive","broad",NA,0.04,167836,30,1.76833333333333,300.095,7.467188,113.569666666667,500,30,0.6,14.0446181022409,799.878686340378,33.8281105908,380,4.97750000000001
"236","Pavona varians","encrusting","common","Agariciidae","Agariciidae","spawner","uncommon","common","massive","broad",NA,0.246,246201,20,5,411.388333333333,4.61263333333334,119.835666666667,415.283333333333,4.6,1.9,12.05,690.21557812897,28.7730768892,380,4.97750000000001
"237","Pavona venosa","encrusting","common","Agariciidae","Agariciidae",NA,"common","uncommon","massive","broad",NA,0.189,228288,30,2,292.645,6.11077333333334,52.2616666666667,137.91,1,2.3,22.8178589495798,909.541794551787,34.8497525252,380,4.97750000000001
"238","Pectinia lactuca","encrusting","common","Merulinidae","Pectiniidae","spawner","common","uncommon","massive","broad",NA,0.106,206510,30,1,313.1,5.29671,137.269666666667,600,1,1,6.21573714285715,723.95807296325,31.819456242,380,4.97750000000001
"239","Pectinia paeonia","laminar","common","Merulinidae","Pectiniidae","spawner","uncommon","uncommon","massive","exposed",NA,0.054,197098,25.2857142857143,1,441,6.35938666666667,66.248,100,0.7,1.6,41.8436923109244,867.363676008938,34.0414658648,380,4.97750000000001
"240","Platygyra daedalea","massive","common","Merulinidae","Faviidae","spawner","common","common","massive","protected",NA,0.115,242827,20,2,411.5,5.35370333333334,126.665,462.216666666667,0.7,1.1,8.36666666666667,698.65120183754,26.5776552516,380,4.97750000000001
"241","Platygyra lamellina","massive","uncommon","Merulinidae","Faviidae","spawner","uncommon","uncommon","massive","protected",NA,0.127,230779,27,3,116,5.70776666666667,57.3133333333334,213.706666666667,1.1,0.9,4.44285714285714,875.799299717507,34.4150004424,380,4.97750000000001
"242","Platygyra pini","massive","common","Merulinidae","Faviidae","spawner","common","common","branching_closed","broad",NA,0.094,213366,37.25,5,136,4.34797833333334,33.8193333333333,152.523333333333,3,1.3,28.7457595588235,875.799299717507,42.3537708124,380,4.97750000000001
"243","Platygyra ryukyuensis","massive","uncommon","Merulinidae","Faviidae","spawner","common","common","branching_open","exposed",NA,0.055,191154,26,1,340.985,5.39056666666667,64.07,340.04,2.8,1.4,11.7996223809524,723.958072963249,37.4267502752,380,4.97750000000001
"244","Platygyra sinensis","massive","uncommon","Merulinidae","Faviidae","spawner","common","common","branching_closed","broad",NA,0.096,242218,35,0.5,279,6.782885,4.1,321.095238095238,1.1,0.7,20.483,757.700567797529,30.1094992768,380,4.97750000000001
"245","Platygyra verweyi","massive","uncommon","Merulinidae","Faviidae",NA,"uncommon","common","branching_closed","broad",NA,0.03,145465,20,2,353.605,7.36917666666667,53.9193333333333,194.656666666667,2.1,0.6,15.392244082633,901.106170843217,38.0482696468,380,4.97750000000001
"246","Plerogyra sinuosa","massive","common","Plesiastreidae","Euphyllidae",NA,"common","uncommon","branching_open","exposed",NA,0.03,234211,30,5,339.4,6.39674333333333,28.573,103,1.7,1.3,34.4527200280112,875.799299717507,35.75142283,380,4.97750000000001
"247","Plesiastrea versipora","massive","uncommon","Plesiastreidae","Faviidae","spawner","common","common","encrusting","broad",NA,0.051,243883,30,1,328.46,6.97900333333333,41.5833333333333,80,1.4,0.7,17.8,858.928052300368,31.1311412112,380,4.97750000000001
"248","Pocillopora damicornis","branching_closed","common","Pocilloporidae","Pocilloporidae",NA,"uncommon","uncommon","encrusting","broad",NA,0.168,246233,20,15,545,4.41005666666667,360,500,1.4,0.6,1.27,656.47308329469,22.9443860472,380,4.97750000000001
"249","Pocillopora eydouxi","branching_open","common","Pocilloporidae","Pocilloporidae","spawner","common","common","massive","protected",NA,0.729,240146,20,1.25,656,8.53556666666666,61.333,100,1.6,1.8,12.325,858.928052300368,30.0161156324,380,4.97750000000001
"250","Pocillopora meandrina","branching_closed","common","Pocilloporidae","Pocilloporidae","spawner","uncommon","common","digitate","broad",NA,0.905,212495,20,3,428.903333333333,7.05066666666666,112,30,0.9,1.8,58,842.056804883228,30.0507451524,380,4.97750000000001
"251","Pocillopora verrucosa","branching_closed","common","Pocilloporidae","Pocilloporidae","spawner","common","common","branching_closed","protected",NA,1.506,246456,40,1,622,9.64607,87,100,0.8,3.9,32.7,901.106170843217,26.1026954948,380,4.97750000000001
"252","Pocillopora woodjonesi","branching_open","uncommon","Pocilloporidae","Pocilloporidae",NA,"common","uncommon","digitate","broad",NA,0.102,197014,15,0.75,349.735,5.89504666666667,54.8553333333333,275.766666666667,1.6,2.9,17.2981526330532,715.52244925468,37.290695576,380,4.97750000000001
"253","Podabacia crustacea","encrusting","common","Fungiidae","Fungiidae",NA,"common","uncommon","digitate","protected",NA,0.025,234730,15,1,357.425,5.85063,65.9053333333334,204,1.1,0.7,21.5884010714286,833.621181174658,28.7650353544,380,4.97750000000001
"254","Podabacia motuporensis","encrusting","uncommon","Fungiidae","Fungiidae",NA,"common","common","laminar","exposed",NA,0.062,186987,20,1,345.385,6.00423666666667,70.2356666666667,119.643333333333,0.8,0.6,15.7710583543417,816.749933757519,29.421184246,380,4.97750000000001
"255","Polyphyllia talpina","massive","common","Fungiidae","Fungiidae",NA,"common","uncommon","branching_closed","protected",NA,0.018,205957,14.5,1,350.785,5.39330666666667,63.5286666666667,322.86,7.816,1.979,19.5099354901961,698.65120183754,36.9759151228,380,4.97750000000001
"256","Porites annae","digitate","common","Poritidae","Poritidae","spawner","uncommon","uncommon","branching_closed","broad",NA,0.214,189637,20,1.33333333333333,389,5.22176666666667,67.927,286.906666666667,2.5,0.6,16.1799486134454,673.34433071183,36.5331215052,380,4.97750000000001
"257","Porites attenuata","branching_closed","common","Poritidae","Poritidae",NA,NA,"common","digitate","broad",NA,0.671,127579,40,1,352.965,7.80658666666666,38.314,129.19,4.6,1,27.3008146708684,926.413041968926,40.0995950504,380,4.97750000000001
"258","Porites horizontalata","digitate","uncommon","Poritidae","Poritidae",NA,NA,"common","massive","broad",NA,0.41,138126,20,2,349.235,7.26424666666667,47.823,180.98,3.8,0.9,15.5427862254902,884.234923426077,40.9666358352,380,4.97750000000001
"259","Porites latistella","digitate","uncommon","Poritidae","Poritidae",NA,NA,"uncommon","branching_closed","protected",NA,0.19,147197,33.3333333333333,1,348.295,7.75057333333333,61.697,457.476666666667,1.1,20,19.7031744257703,816.749933757518,34.4496299624,380,4.97750000000001
"260","Porites lichen","laminar","common","Poritidae","Poritidae",NA,"common","uncommon","encrusting","broad",NA,1.337,237144,21,1.5,395.188333333333,6.22169333333334,88.238,313.123333333333,0.8,25,41.5,690.21557812897,29.4026377956,380,4.97750000000001
"261","Porites nigrescens","branching_closed","uncommon","Poritidae","Poritidae",NA,"common","common","columnar","broad",NA,0.719,226520,25,1.5,363.39,5.68160333333334,76.3346666666667,296.496666666667,2.3,9,0.37,723.95807296325,35.5887801456,380,4.97750000000001
"262","Porites rugosa","branching_closed","uncommon","Poritidae","Poritidae",NA,NA,"common","submassive","broad",NA,1.603,68903,40,2,483.87,11.70473,57.7703333333333,9,0.7,30,67.7525460784313,960.155536803206,31.029716032,380,4.97750000000001
"263","Porites rus","digitate","common","Poritidae","Poritidae","spawner","common","common","massive","broad",NA,0.693,231553,36.6666666666667,16.6666666666667,378.173333333333,5.54879833333333,97.5403333333334,100,1.1,0.9,0.08375,825.185557466089,28.0420908036,380,4.97750000000001
"264","Porites solida","massive","common","Poritidae","Poritidae","spawner","common","uncommon","columnar","protected",NA,0.068,241975,26,10.6666666666667,331.935,5.41839333333334,99.1533333333334,337.973333333333,1.4,2.8,7.16,690.21557812897,26.6629973612,380,4.97750000000001
"265","Porites tuberculosa","branching_closed","uncommon","Poritidae","Poritidae",NA,NA,"uncommon","branching_closed","exposed",NA,0.819,85975,10,2,328.435,7.47104066666666,52.6073333333334,205.806666666667,33.5,2.1,24.8804276330532,884.234923426077,40.8732521908,380,4.97750000000001
"266","Porites vaughani","encrusting","uncommon","Poritidae","Poritidae",NA,"common","common","branching_closed","broad",NA,0.613,200257,48.75,0,337.61,7.24652233333333,97.1703333333334,500,35,0.9,18.2418541666667,783.007438923239,34.9085066496,380,4.97750000000001
"267","Psammocora digitata","columnar","common","Psammocoridae","Siderastreidae",NA,"common","common","encrusting","broad",NA,0.075,214674,45,0,315.255,7.47512,102.382333333333,500,15,0.7,17.9718666666667,783.007438923239,33.785439536,380,4.97750000000001
"268","Psammocora profundacella","encrusting","common","Psammocoridae","Siderastreidae","spawner","common","rare","encrusting","protected",NA,0.048,238897,40,2,303.74,5.79904566666667,28.736,219.97,35,0.8,24.0122898809524,858.928052300368,36.5250799704,380,4.97750000000001
"269","Sandalolitha robusta","massive","common","Fungiidae","Fungiidae","spawner","common","common","digitate","protected",NA,0.053,207415,40,7,440.005,13.90013,35.632,12,1.1,0.6,73.810683732493,1019.20490276319,29.7279231644,380,4.97750000000001
"270","Scapophyllia cylindrica","columnar","uncommon","Merulinidae","Merulinidae","spawner","common","common","branching_closed","exposed",NA,0.033,189486,40,2,339.475,6.59768666666667,31.3426666666666,94.88,4.2,0.8,24.509541197479,875.799299717507,38.3469670304,380,4.97750000000001
"271","Seriatopora caliendrum","branching_closed","uncommon","Pocilloporidae","Pocilloporidae","brooder","uncommon","common","massive","exposed",NA,0.054,229041,40,2,332.625,5.83077333333334,29.0103333333333,206.263333333333,3.3,1,16.7,901.106170843217,38.9418984168,380,4.97750000000001
"272","Seriatopora hystrix","branching_closed","common","Pocilloporidae","Pocilloporidae","brooder","common","common","massive","exposed",NA,0.412,232594,20,12,261,4.96557333333334,95.2600000000001,339.286666666667,20,0.6,40.3,648.03745958612,26.1268200992,380,4.97750000000001
"273","Stylocoeniella armata","encrusting","common","Pocilloporidae","Astrocoeniidae",NA,"common","common","massive","broad",NA,0.019,217438,37.5,8.33333333333333,359.23,4.42773833333334,32,169.943333333333,1.5,0.7,28.7171988305322,917.977418260357,39.1206241708,380,4.97750000000001
"274","Stylocoeniella cocosensis","encrusting","rare","Pocilloporidae","Astrocoeniidae",NA,NA,"common","encrusting","protected",NA,0.01,68861,15,2,378.36,8.23248666666666,55.4176666666667,79.7966666666667,1.2,0.5,39.1531443347339,901.106170843217,33.8120275212,380,4.97750000000001
"275","Stylocoeniella guentheri","digitate","common","Pocilloporidae","Astrocoeniidae",NA,"uncommon","common","laminar","exposed",NA,0.024,237640,20,0,368.275,5.61134333333334,169.768,500,1,0.6,10.4282833333333,681.7799544204,22.1360993868,380,4.97750000000001
"276","Stylophora pistillata","branching_closed","common","Pocilloporidae","Pocilloporidae","brooder","common","uncommon","laminar","protected",NA,0.433,240093,43.3333333333333,5.33333333333333,473.66,1.023,112,327.46,1.2,0.3,59.34,791.443062631808,10.07859514,380,4.9775
"277","Symphyllia agaricia","massive","common","Lobophyllidae","Mussidae",NA,"common","uncommon","massive","exposed",NA,0.067,229070,29.3333333333333,5,349.915,6.65719333333333,38.7766666666666,87.24,1.3,0.5,35.5454952380953,917.977418260357,30.3574840708,380,4.97750000000001
"278","Symphyllia radians","massive","common","Lobophyllidae","Mussidae","spawner","common","uncommon","massive","protected",NA,0.121,219322,20.5,5,417.34,4.24012333333334,54.6093333333333,219.69,1.8,0.7,52.9923423459384,917.977418260357,40.5238422176,380,4.97750000000001
"279","Symphyllia recta","massive","common","Lobophyllidae","Mussidae","spawner","common","common","massive","broad",NA,0.083,212136,37.4,0,290.995,5.19321166666667,37.4703333333333,226.356666666667,1.5,0.6,19.611203697479,875.799299717508,38.0909407016,380,4.97750000000001
"280","Symphyllia valenciennesii","encrusting","common","Lobophyllidae","Mussidae",NA,"common","rare","branching_open","protected",NA,0.035,228279,22.5,3.75,313,6.86978666666666,63.4356666666667,88.98,1,0.6,28.1252742927171,850.492428591798,29.8213068088,380,4.97750000000001
"281","Turbinaria frondens","laminar","common","Dendrophylliidae","Dendrophylliidae","spawner","common","uncommon","branching_open","exposed",NA,0.2,227637,17.5,0,382.575,6.72609333333333,102.542666666667,100,0.9,0.7,2,825.185557466089,27.1830915536,380,4.97750000000001
"282","Turbinaria reniformis","laminar","uncommon","Dendrophylliidae","Dendrophylliidae","spawner","uncommon","uncommon","corymbose","broad",NA,0.247,240553,9.33333333333333,4,404.27,7.26009,67.4836666666667,20,1,0.8,32.2703362114846,884.234923426077,28.7569938196,380,4.97750000000001
"283","Turbinaria stellulata","massive","uncommon","Dendrophylliidae","Dendrophylliidae",NA,"uncommon","uncommon","branching_open","broad",NA,0.068,224233,24.75,10,335.551666666667,4.64429666666667,61.949,141.613333333333,0.8,0.5,21.6333049019608,833.621181174658,34.0575489344,380,4.97750000000001
"284","Zoopilus echinatus","massive","uncommon","Fungiidae","Fungiidae",NA,"uncommon","uncommon","tables_or_plates","exposed",NA,0.15,129268,12.5,3,448.275,8.86072333333333,79.2066666666667,100,0.9,1.7184,57.4967837184874,960.155536803206,29.1917459024,380,4.97750000000001
